pre-commit	Set up job	﻿2026-03-19T12:17:48.7483559Z Current runner version: '2.332.0'
pre-commit	Set up job	2026-03-19T12:17:48.7518586Z ##[group]Runner Image Provisioner
pre-commit	Set up job	2026-03-19T12:17:48.7519848Z Hosted Compute Agent
pre-commit	Set up job	2026-03-19T12:17:48.7520691Z Version: 20260213.493
pre-commit	Set up job	2026-03-19T12:17:48.7521508Z Commit: 5c115507f6dd24b8de37d8bbe0bb4509d0cc0fa3
pre-commit	Set up job	2026-03-19T12:17:48.7522757Z Build Date: 2026-02-13T00:28:41Z
pre-commit	Set up job	2026-03-19T12:17:48.7523705Z Worker ID: {5103c1a9-157a-4a89-9d63-fd530cd4edfd}
pre-commit	Set up job	2026-03-19T12:17:48.7524764Z Azure Region: northcentralus
pre-commit	Set up job	2026-03-19T12:17:48.7525790Z ##[endgroup]
pre-commit	Set up job	2026-03-19T12:17:48.7527908Z ##[group]Operating System
pre-commit	Set up job	2026-03-19T12:17:48.7528930Z Ubuntu
pre-commit	Set up job	2026-03-19T12:17:48.7529740Z 22.04.5
pre-commit	Set up job	2026-03-19T12:17:48.7530453Z LTS
pre-commit	Set up job	2026-03-19T12:17:48.7531116Z ##[endgroup]
pre-commit	Set up job	2026-03-19T12:17:48.7531950Z ##[group]Runner Image
pre-commit	Set up job	2026-03-19T12:17:48.7532703Z Image: ubuntu-22.04
pre-commit	Set up job	2026-03-19T12:17:48.7533502Z Version: 20260309.57.1
pre-commit	Set up job	2026-03-19T12:17:48.7535211Z Included Software: https://github.com/actions/runner-images/blob/ubuntu22/20260309.57/images/ubuntu/Ubuntu2204-Readme.md
pre-commit	Set up job	2026-03-19T12:17:48.7537986Z Image Release: https://github.com/actions/runner-images/releases/tag/ubuntu22%2F20260309.57
pre-commit	Set up job	2026-03-19T12:17:48.7539502Z ##[endgroup]
pre-commit	Set up job	2026-03-19T12:17:48.7541014Z ##[group]GITHUB_TOKEN Permissions
pre-commit	Set up job	2026-03-19T12:17:48.7543971Z Contents: read
pre-commit	Set up job	2026-03-19T12:17:48.7544839Z Metadata: read
pre-commit	Set up job	2026-03-19T12:17:48.7545533Z ##[endgroup]
pre-commit	Set up job	2026-03-19T12:17:48.7548496Z Secret source: Actions
pre-commit	Set up job	2026-03-19T12:17:48.7549978Z Prepare workflow directory
pre-commit	Set up job	2026-03-19T12:17:48.7937752Z Prepare all required actions
pre-commit	Set up job	2026-03-19T12:17:48.7990817Z Getting action download info
pre-commit	Set up job	2026-03-19T12:17:49.1806955Z Download action repository 'step-security/harden-runner@58077d3c7e43986b6b15fba718e8ea69e387dfcc' (SHA:58077d3c7e43986b6b15fba718e8ea69e387dfcc)
pre-commit	Set up job	2026-03-19T12:17:49.7603505Z Download action repository 'actions/checkout@de0fac2e4500dabe0009e67214ff5f5447ce83dd' (SHA:de0fac2e4500dabe0009e67214ff5f5447ce83dd)
pre-commit	Set up job	2026-03-19T12:17:49.7967761Z Download action repository 'actions/setup-python@a309ff8b426b58ec0e2a45f0f869d46889d02405' (SHA:a309ff8b426b58ec0e2a45f0f869d46889d02405)
pre-commit	Set up job	2026-03-19T12:17:49.8742589Z Download action repository 'pre-commit/action@2c7b3805fd2a0fd8c1884dcaebf91fc102a13ecd' (SHA:2c7b3805fd2a0fd8c1884dcaebf91fc102a13ecd)
pre-commit	Set up job	2026-03-19T12:17:50.1587843Z Download action repository 'actions/upload-artifact@bbbca2ddaa5d8feaa63e36b76fdaad77386f024f' (SHA:bbbca2ddaa5d8feaa63e36b76fdaad77386f024f)
pre-commit	Set up job	2026-03-19T12:17:50.6903691Z Getting action download info
pre-commit	Set up job	2026-03-19T12:17:50.8015556Z Download action repository 'actions/cache@v4' (SHA:0057852bfaa89a56745cba8c7296529d2fc39830)
pre-commit	Set up job	2026-03-19T12:17:50.9776759Z Complete job name: pre-commit
pre-commit	Pre Harden Runner	﻿2026-03-19T12:17:51.0524401Z ##[group]Run step-security/harden-runner@58077d3c7e43986b6b15fba718e8ea69e387dfcc
pre-commit	Pre Harden Runner	2026-03-19T12:17:51.0526345Z with:
pre-commit	Pre Harden Runner	2026-03-19T12:17:51.0527072Z   egress-policy: block
pre-commit	Pre Harden Runner	2026-03-19T12:17:51.0532959Z   allowed-endpoints: *.blob.storage.azure.net:443 *.githubapp.com:443 *.sourceforge.net:443 api.github.com:443 api.ipify.org:443 bcr.bazel.build:443 downloads.sourceforge.net:443 files.pythonhosted.org:443 github.com:443 go.dev:443 mirror.bazel.build:443 mirrors.kernel.org:443 nodejs.org:443 oauth2.googleapis.com:443 objects.githubusercontent.com:443 pypi.org:443 registry.npmjs.org:443 release-assets.githubusercontent.com:443 releases.bazel.build:443 storage.googleapis.com:443 www.googleapis.com:443
pre-commit	Pre Harden Runner	
pre-commit	Pre Harden Runner	2026-03-19T12:17:51.0539414Z   token: ***
pre-commit	Pre Harden Runner	2026-03-19T12:17:51.0540157Z   disable-telemetry: false
pre-commit	Pre Harden Runner	2026-03-19T12:17:51.0541008Z   disable-sudo: false
pre-commit	Pre Harden Runner	2026-03-19T12:17:51.0541852Z   disable-sudo-and-containers: false
pre-commit	Pre Harden Runner	2026-03-19T12:17:51.0542852Z   disable-file-monitoring: false
pre-commit	Pre Harden Runner	2026-03-19T12:17:51.0543956Z ##[endgroup]
pre-commit	Pre Harden Runner	2026-03-19T12:17:51.2185835Z [harden-runner] pre-step
pre-commit	Pre Harden Runner	2026-03-19T12:17:51.2187406Z [!] Current Configuration: 
pre-commit	Pre Harden Runner	2026-03-19T12:17:51.2199211Z {"repo":"amalb5900/carbon-lang","run_id":"23294446708","correlation_id":"bfa6ee7e-b668-4db9-8994-672978390da1","working_directory":"/home/runner/work/carbon-lang/carbon-lang","api_url":"https://agent.api.stepsecurity.io/v1","allowed_endpoints":"*.blob.storage.azure.net:443 *.githubapp.com:443 *.sourceforge.net:443 api.github.com:443 api.ipify.org:443 bcr.bazel.build:443 downloads.sourceforge.net:443 files.pythonhosted.org:443 github.com:443 go.dev:443 mirror.bazel.build:443 mirrors.kernel.org:443 nodejs.org:443 oauth2.googleapis.com:443 objects.githubusercontent.com:443 pypi.org:443 registry.npmjs.org:443 release-assets.githubusercontent.com:443 releases.bazel.build:443 storage.googleapis.com:443 www.googleapis.com:443","egress_policy":"block","disable_telemetry":false,"disable_sudo":false,"disable_sudo_and_containers":false,"disable_file_monitoring":false,"private":false,"is_github_hosted":true,"is_debug":false,"one_time_key":""}
pre-commit	Pre Harden Runner	2026-03-19T12:17:51.2210684Z 
pre-commit	Pre Harden Runner	2026-03-19T12:17:51.2385510Z [command]/usr/bin/tar --posix -cf cache.tzst --exclude cache.tzst -P -C /home/runner/work/carbon-lang/carbon-lang --files-from manifest.txt --use-compress-program zstdmt
pre-commit	Pre Harden Runner	2026-03-19T12:17:51.3608540Z Failed to save: Unable to reserve cache with key harden-runner-cacheKey, another job may be creating this cache.
pre-commit	Pre Harden Runner	2026-03-19T12:17:51.3617482Z -1
pre-commit	Pre Harden Runner	2026-03-19T12:17:51.3618496Z cache version: v2
pre-commit	Pre Harden Runner	2026-03-19T12:17:51.3620806Z cacheFilePath /home/runner/work/_actions/step-security/harden-runner/58077d3c7e43986b6b15fba718e8ea69e387dfcc/dist/pre/cache.txt
pre-commit	Pre Harden Runner	2026-03-19T12:17:51.4401392Z Adding cacheHost: productionresultssa6.blob.core.windows.net:443 to allowed-endpoints
pre-commit	Pre Harden Runner	2026-03-19T12:17:51.4404553Z [32mView security insights and recommended policy at:[0m
pre-commit	Pre Harden Runner	2026-03-19T12:17:51.4407385Z https://app.stepsecurity.io/github/amalb5900/carbon-lang/actions/runs/23294446708
pre-commit	Pre Harden Runner	2026-03-19T12:17:51.4409691Z RUNNER_NAME: GitHub Actions 1000001175
pre-commit	Pre Harden Runner	2026-03-19T12:17:52.0998441Z Runner IP Address: 20.98.18.64
pre-commit	Pre Harden Runner	2026-03-19T12:17:52.1000515Z Step Security Job Correlation ID: bfa6ee7e-b668-4db9-8994-672978390da1
pre-commit	Pre Harden Runner	2026-03-19T12:17:52.1201930Z [!] Checking TLS_STATUS: amalb5900
pre-commit	Pre Harden Runner	2026-03-19T12:17:52.3521691Z [!] TLS_NOT_ENABLED: amalb5900
pre-commit	Pre Harden Runner	2026-03-19T12:17:52.5476923Z ✅ Checksum verification passed. checksum=23715f2485c16e2a2ad116abf0fe8443788c62e4f5f224c5858b0b41b591fc89
pre-commit	Pre Harden Runner	2026-03-19T12:17:52.5544914Z [command]/usr/bin/tar xz --warning=no-unknown-keyword --overwrite -C /home/runner/work/_temp/65189a50-4b80-47f6-b9bb-287c2259fe53 -f /home/runner/work/_temp/b9cb0424-6c71-45c9-88e9-770c57bad832
pre-commit	Pre Harden Runner	2026-03-19T12:17:56.7744664Z Initialized
pre-commit	Harden Runner	﻿2026-03-19T12:17:56.7998768Z ##[group]Run step-security/harden-runner@58077d3c7e43986b6b15fba718e8ea69e387dfcc
pre-commit	Harden Runner	2026-03-19T12:17:56.7999518Z with:
pre-commit	Harden Runner	2026-03-19T12:17:56.7999857Z   egress-policy: block
pre-commit	Harden Runner	2026-03-19T12:17:56.8002667Z   allowed-endpoints: *.blob.storage.azure.net:443 *.githubapp.com:443 *.sourceforge.net:443 api.github.com:443 api.ipify.org:443 bcr.bazel.build:443 downloads.sourceforge.net:443 files.pythonhosted.org:443 github.com:443 go.dev:443 mirror.bazel.build:443 mirrors.kernel.org:443 nodejs.org:443 oauth2.googleapis.com:443 objects.githubusercontent.com:443 pypi.org:443 registry.npmjs.org:443 release-assets.githubusercontent.com:443 releases.bazel.build:443 storage.googleapis.com:443 www.googleapis.com:443
pre-commit	Harden Runner	
pre-commit	Harden Runner	2026-03-19T12:17:56.8006052Z   token: ***
pre-commit	Harden Runner	2026-03-19T12:17:56.8006682Z   disable-telemetry: false
pre-commit	Harden Runner	2026-03-19T12:17:56.8007098Z   disable-sudo: false
pre-commit	Harden Runner	2026-03-19T12:17:56.8007497Z   disable-sudo-and-containers: false
pre-commit	Harden Runner	2026-03-19T12:17:56.8007976Z   disable-file-monitoring: false
pre-commit	Harden Runner	2026-03-19T12:17:56.8008419Z env:
pre-commit	Harden Runner	2026-03-19T12:17:56.8008777Z   STATE_disableSudo: false
pre-commit	Harden Runner	2026-03-19T12:17:56.8009206Z   STATE_disableSudoAndContainers: false
pre-commit	Harden Runner	2026-03-19T12:17:56.8009662Z   STATE_monitorStatusCode: 200
pre-commit	Harden Runner	2026-03-19T12:17:56.8010053Z   STATE_addSummary: true
pre-commit	Harden Runner	2026-03-19T12:17:56.8010468Z   STATE_correlation_id: bfa6ee7e-b668-4db9-8994-672978390da1
pre-commit	Harden Runner	2026-03-19T12:17:56.8010819Z   STATE_isTLS: false
pre-commit	Harden Runner	2026-03-19T12:17:56.8011048Z ##[endgroup]
pre-commit	Harden Runner	2026-03-19T12:17:56.8852482Z [harden-runner] main-step
pre-commit	Harden Runner	2026-03-19T12:17:56.8859193Z [32mView security insights and recommended policy at:[0m
pre-commit	Harden Runner	2026-03-19T12:17:56.8859996Z https://app.stepsecurity.io/github/amalb5900/carbon-lang/actions/runs/23294446708
pre-commit	Run actions/checkout@de0fac2e4500dabe0009e67214ff5f5447ce83dd	﻿2026-03-19T12:17:56.9008463Z ##[group]Run actions/checkout@de0fac2e4500dabe0009e67214ff5f5447ce83dd
pre-commit	Run actions/checkout@de0fac2e4500dabe0009e67214ff5f5447ce83dd	2026-03-19T12:17:56.9008889Z with:
pre-commit	Run actions/checkout@de0fac2e4500dabe0009e67214ff5f5447ce83dd	2026-03-19T12:17:56.9009125Z   repository: amalb5900/carbon-lang
pre-commit	Run actions/checkout@de0fac2e4500dabe0009e67214ff5f5447ce83dd	2026-03-19T12:17:56.9009603Z   token: ***
pre-commit	Run actions/checkout@de0fac2e4500dabe0009e67214ff5f5447ce83dd	2026-03-19T12:17:56.9009834Z   ssh-strict: true
pre-commit	Run actions/checkout@de0fac2e4500dabe0009e67214ff5f5447ce83dd	2026-03-19T12:17:56.9010057Z   ssh-user: git
pre-commit	Run actions/checkout@de0fac2e4500dabe0009e67214ff5f5447ce83dd	2026-03-19T12:17:56.9010303Z   persist-credentials: true
pre-commit	Run actions/checkout@de0fac2e4500dabe0009e67214ff5f5447ce83dd	2026-03-19T12:17:56.9010568Z   clean: true
pre-commit	Run actions/checkout@de0fac2e4500dabe0009e67214ff5f5447ce83dd	2026-03-19T12:17:56.9010833Z   sparse-checkout-cone-mode: true
pre-commit	Run actions/checkout@de0fac2e4500dabe0009e67214ff5f5447ce83dd	2026-03-19T12:17:56.9011142Z   fetch-depth: 1
pre-commit	Run actions/checkout@de0fac2e4500dabe0009e67214ff5f5447ce83dd	2026-03-19T12:17:56.9011373Z   fetch-tags: false
pre-commit	Run actions/checkout@de0fac2e4500dabe0009e67214ff5f5447ce83dd	2026-03-19T12:17:56.9011608Z   show-progress: true
pre-commit	Run actions/checkout@de0fac2e4500dabe0009e67214ff5f5447ce83dd	2026-03-19T12:17:56.9011955Z   lfs: false
pre-commit	Run actions/checkout@de0fac2e4500dabe0009e67214ff5f5447ce83dd	2026-03-19T12:17:56.9012223Z   submodules: false
pre-commit	Run actions/checkout@de0fac2e4500dabe0009e67214ff5f5447ce83dd	2026-03-19T12:17:56.9012468Z   set-safe-directory: true
pre-commit	Run actions/checkout@de0fac2e4500dabe0009e67214ff5f5447ce83dd	2026-03-19T12:17:56.9012724Z ##[endgroup]
pre-commit	Run actions/checkout@de0fac2e4500dabe0009e67214ff5f5447ce83dd	2026-03-19T12:17:56.9921352Z Syncing repository: amalb5900/carbon-lang
pre-commit	Run actions/checkout@de0fac2e4500dabe0009e67214ff5f5447ce83dd	2026-03-19T12:17:56.9922774Z ##[group]Getting Git version info
pre-commit	Run actions/checkout@de0fac2e4500dabe0009e67214ff5f5447ce83dd	2026-03-19T12:17:56.9923202Z Working directory is '/home/runner/work/carbon-lang/carbon-lang'
pre-commit	Run actions/checkout@de0fac2e4500dabe0009e67214ff5f5447ce83dd	2026-03-19T12:17:56.9923901Z [command]/usr/bin/git version
pre-commit	Run actions/checkout@de0fac2e4500dabe0009e67214ff5f5447ce83dd	2026-03-19T12:17:56.9959615Z git version 2.53.0
pre-commit	Run actions/checkout@de0fac2e4500dabe0009e67214ff5f5447ce83dd	2026-03-19T12:17:56.9982659Z ##[endgroup]
pre-commit	Run actions/checkout@de0fac2e4500dabe0009e67214ff5f5447ce83dd	2026-03-19T12:17:56.9996357Z Temporarily overriding HOME='/home/runner/work/_temp/7ac6e4c2-be3d-4b7a-a6d1-5651cbac30af' before making global git config changes
pre-commit	Run actions/checkout@de0fac2e4500dabe0009e67214ff5f5447ce83dd	2026-03-19T12:17:56.9997616Z Adding repository directory to the temporary git global config as a safe directory
pre-commit	Run actions/checkout@de0fac2e4500dabe0009e67214ff5f5447ce83dd	2026-03-19T12:17:57.0001712Z [command]/usr/bin/git config --global --add safe.directory /home/runner/work/carbon-lang/carbon-lang
pre-commit	Run actions/checkout@de0fac2e4500dabe0009e67214ff5f5447ce83dd	2026-03-19T12:17:57.0042499Z Deleting the contents of '/home/runner/work/carbon-lang/carbon-lang'
pre-commit	Run actions/checkout@de0fac2e4500dabe0009e67214ff5f5447ce83dd	2026-03-19T12:17:57.0047016Z ##[group]Initializing the repository
pre-commit	Run actions/checkout@de0fac2e4500dabe0009e67214ff5f5447ce83dd	2026-03-19T12:17:57.0051324Z [command]/usr/bin/git init /home/runner/work/carbon-lang/carbon-lang
pre-commit	Run actions/checkout@de0fac2e4500dabe0009e67214ff5f5447ce83dd	2026-03-19T12:17:57.0149941Z hint: Using 'master' as the name for the initial branch. This default branch name
pre-commit	Run actions/checkout@de0fac2e4500dabe0009e67214ff5f5447ce83dd	2026-03-19T12:17:57.0151147Z hint: will change to "main" in Git 3.0. To configure the initial branch name
pre-commit	Run actions/checkout@de0fac2e4500dabe0009e67214ff5f5447ce83dd	2026-03-19T12:17:57.0152113Z hint: to use in all of your new repositories, which will suppress this warning,
pre-commit	Run actions/checkout@de0fac2e4500dabe0009e67214ff5f5447ce83dd	2026-03-19T12:17:57.0152790Z hint: call:
pre-commit	Run actions/checkout@de0fac2e4500dabe0009e67214ff5f5447ce83dd	2026-03-19T12:17:57.0153103Z hint:
pre-commit	Run actions/checkout@de0fac2e4500dabe0009e67214ff5f5447ce83dd	2026-03-19T12:17:57.0153561Z hint: 	git config --global init.defaultBranch <name>
pre-commit	Run actions/checkout@de0fac2e4500dabe0009e67214ff5f5447ce83dd	2026-03-19T12:17:57.0154090Z hint:
pre-commit	Run actions/checkout@de0fac2e4500dabe0009e67214ff5f5447ce83dd	2026-03-19T12:17:57.0154584Z hint: Names commonly chosen instead of 'master' are 'main', 'trunk' and
pre-commit	Run actions/checkout@de0fac2e4500dabe0009e67214ff5f5447ce83dd	2026-03-19T12:17:57.0155358Z hint: 'development'. The just-created branch can be renamed via this command:
pre-commit	Run actions/checkout@de0fac2e4500dabe0009e67214ff5f5447ce83dd	2026-03-19T12:17:57.0155756Z hint:
pre-commit	Run actions/checkout@de0fac2e4500dabe0009e67214ff5f5447ce83dd	2026-03-19T12:17:57.0155994Z hint: 	git branch -m <name>
pre-commit	Run actions/checkout@de0fac2e4500dabe0009e67214ff5f5447ce83dd	2026-03-19T12:17:57.0156515Z hint:
pre-commit	Run actions/checkout@de0fac2e4500dabe0009e67214ff5f5447ce83dd	2026-03-19T12:17:57.0156913Z hint: Disable this message with "git config set advice.defaultBranchName false"
pre-commit	Run actions/checkout@de0fac2e4500dabe0009e67214ff5f5447ce83dd	2026-03-19T12:17:57.0157857Z Initialized empty Git repository in /home/runner/work/carbon-lang/carbon-lang/.git/
pre-commit	Run actions/checkout@de0fac2e4500dabe0009e67214ff5f5447ce83dd	2026-03-19T12:17:57.0167527Z [command]/usr/bin/git remote add origin https://github.com/amalb5900/carbon-lang
pre-commit	Run actions/checkout@de0fac2e4500dabe0009e67214ff5f5447ce83dd	2026-03-19T12:17:57.0209911Z ##[endgroup]
pre-commit	Run actions/checkout@de0fac2e4500dabe0009e67214ff5f5447ce83dd	2026-03-19T12:17:57.0210573Z ##[group]Disabling automatic garbage collection
pre-commit	Run actions/checkout@de0fac2e4500dabe0009e67214ff5f5447ce83dd	2026-03-19T12:17:57.0213104Z [command]/usr/bin/git config --local gc.auto 0
pre-commit	Run actions/checkout@de0fac2e4500dabe0009e67214ff5f5447ce83dd	2026-03-19T12:17:57.0247273Z ##[endgroup]
pre-commit	Run actions/checkout@de0fac2e4500dabe0009e67214ff5f5447ce83dd	2026-03-19T12:17:57.0247724Z ##[group]Setting up auth
pre-commit	Run actions/checkout@de0fac2e4500dabe0009e67214ff5f5447ce83dd	2026-03-19T12:17:57.0248946Z Removing SSH command configuration
pre-commit	Run actions/checkout@de0fac2e4500dabe0009e67214ff5f5447ce83dd	2026-03-19T12:17:57.0255098Z [command]/usr/bin/git config --local --name-only --get-regexp core\.sshCommand
pre-commit	Run actions/checkout@de0fac2e4500dabe0009e67214ff5f5447ce83dd	2026-03-19T12:17:57.0290545Z [command]/usr/bin/git submodule foreach --recursive sh -c "git config --local --name-only --get-regexp 'core\.sshCommand' && git config --local --unset-all 'core.sshCommand' || :"
pre-commit	Run actions/checkout@de0fac2e4500dabe0009e67214ff5f5447ce83dd	2026-03-19T12:17:57.0644496Z Removing HTTP extra header
pre-commit	Run actions/checkout@de0fac2e4500dabe0009e67214ff5f5447ce83dd	2026-03-19T12:17:57.0651794Z [command]/usr/bin/git config --local --name-only --get-regexp http\.https\:\/\/github\.com\/\.extraheader
pre-commit	Run actions/checkout@de0fac2e4500dabe0009e67214ff5f5447ce83dd	2026-03-19T12:17:57.0687850Z [command]/usr/bin/git submodule foreach --recursive sh -c "git config --local --name-only --get-regexp 'http\.https\:\/\/github\.com\/\.extraheader' && git config --local --unset-all 'http.https://github.com/.extraheader' || :"
pre-commit	Run actions/checkout@de0fac2e4500dabe0009e67214ff5f5447ce83dd	2026-03-19T12:17:57.0955371Z Removing includeIf entries pointing to credentials config files
pre-commit	Run actions/checkout@de0fac2e4500dabe0009e67214ff5f5447ce83dd	2026-03-19T12:17:57.0962693Z [command]/usr/bin/git config --local --name-only --get-regexp ^includeIf\.gitdir:
pre-commit	Run actions/checkout@de0fac2e4500dabe0009e67214ff5f5447ce83dd	2026-03-19T12:17:57.0999060Z [command]/usr/bin/git submodule foreach --recursive git config --local --show-origin --name-only --get-regexp remote.origin.url
pre-commit	Run actions/checkout@de0fac2e4500dabe0009e67214ff5f5447ce83dd	2026-03-19T12:17:57.1272134Z [command]/usr/bin/git config --file /home/runner/work/_temp/git-credentials-64fd2085-0957-4c95-819f-f495765ec162.config http.https://github.com/.extraheader AUTHORIZATION: basic ***
pre-commit	Run actions/checkout@de0fac2e4500dabe0009e67214ff5f5447ce83dd	2026-03-19T12:17:57.1314681Z [command]/usr/bin/git config --local includeIf.gitdir:/home/runner/work/carbon-lang/carbon-lang/.git.path /home/runner/work/_temp/git-credentials-64fd2085-0957-4c95-819f-f495765ec162.config
pre-commit	Run actions/checkout@de0fac2e4500dabe0009e67214ff5f5447ce83dd	2026-03-19T12:17:57.1352125Z [command]/usr/bin/git config --local includeIf.gitdir:/home/runner/work/carbon-lang/carbon-lang/.git/worktrees/*.path /home/runner/work/_temp/git-credentials-64fd2085-0957-4c95-819f-f495765ec162.config
pre-commit	Run actions/checkout@de0fac2e4500dabe0009e67214ff5f5447ce83dd	2026-03-19T12:17:57.1387975Z [command]/usr/bin/git config --local includeIf.gitdir:/github/workspace/.git.path /github/runner_temp/git-credentials-64fd2085-0957-4c95-819f-f495765ec162.config
pre-commit	Run actions/checkout@de0fac2e4500dabe0009e67214ff5f5447ce83dd	2026-03-19T12:17:57.1425238Z [command]/usr/bin/git config --local includeIf.gitdir:/github/workspace/.git/worktrees/*.path /github/runner_temp/git-credentials-64fd2085-0957-4c95-819f-f495765ec162.config
pre-commit	Run actions/checkout@de0fac2e4500dabe0009e67214ff5f5447ce83dd	2026-03-19T12:17:57.1458272Z ##[endgroup]
pre-commit	Run actions/checkout@de0fac2e4500dabe0009e67214ff5f5447ce83dd	2026-03-19T12:17:57.1458963Z ##[group]Fetching the repository
pre-commit	Run actions/checkout@de0fac2e4500dabe0009e67214ff5f5447ce83dd	2026-03-19T12:17:57.1467259Z [command]/usr/bin/git -c protocol.version=2 fetch --no-tags --prune --no-recurse-submodules --depth=1 origin +b61244a07fdc4535ef182bd839093a374c46e62d:refs/remotes/pull/3/merge
pre-commit	Run actions/checkout@de0fac2e4500dabe0009e67214ff5f5447ce83dd	2026-03-19T12:17:57.7545821Z From https://github.com/amalb5900/carbon-lang
pre-commit	Run actions/checkout@de0fac2e4500dabe0009e67214ff5f5447ce83dd	2026-03-19T12:17:57.7547691Z  * [new ref]         b61244a07fdc4535ef182bd839093a374c46e62d -> pull/3/merge
pre-commit	Run actions/checkout@de0fac2e4500dabe0009e67214ff5f5447ce83dd	2026-03-19T12:17:57.7584173Z ##[endgroup]
pre-commit	Run actions/checkout@de0fac2e4500dabe0009e67214ff5f5447ce83dd	2026-03-19T12:17:57.7584779Z ##[group]Determining the checkout info
pre-commit	Run actions/checkout@de0fac2e4500dabe0009e67214ff5f5447ce83dd	2026-03-19T12:17:57.7585407Z ##[endgroup]
pre-commit	Run actions/checkout@de0fac2e4500dabe0009e67214ff5f5447ce83dd	2026-03-19T12:17:57.7591027Z [command]/usr/bin/git sparse-checkout disable
pre-commit	Run actions/checkout@de0fac2e4500dabe0009e67214ff5f5447ce83dd	2026-03-19T12:17:57.7640278Z [command]/usr/bin/git config --local --unset-all extensions.worktreeConfig
pre-commit	Run actions/checkout@de0fac2e4500dabe0009e67214ff5f5447ce83dd	2026-03-19T12:17:57.7674017Z ##[group]Checking out the ref
pre-commit	Run actions/checkout@de0fac2e4500dabe0009e67214ff5f5447ce83dd	2026-03-19T12:17:57.7678596Z [command]/usr/bin/git checkout --progress --force refs/remotes/pull/3/merge
pre-commit	Run actions/checkout@de0fac2e4500dabe0009e67214ff5f5447ce83dd	2026-03-19T12:17:58.4915697Z Note: switching to 'refs/remotes/pull/3/merge'.
pre-commit	Run actions/checkout@de0fac2e4500dabe0009e67214ff5f5447ce83dd	2026-03-19T12:17:58.4916765Z 
pre-commit	Run actions/checkout@de0fac2e4500dabe0009e67214ff5f5447ce83dd	2026-03-19T12:17:58.4917205Z You are in 'detached HEAD' state. You can look around, make experimental
pre-commit	Run actions/checkout@de0fac2e4500dabe0009e67214ff5f5447ce83dd	2026-03-19T12:17:58.4918304Z changes and commit them, and you can discard any commits you make in this
pre-commit	Run actions/checkout@de0fac2e4500dabe0009e67214ff5f5447ce83dd	2026-03-19T12:17:58.4919060Z state without impacting any branches by switching back to a branch.
pre-commit	Run actions/checkout@de0fac2e4500dabe0009e67214ff5f5447ce83dd	2026-03-19T12:17:58.4919494Z 
pre-commit	Run actions/checkout@de0fac2e4500dabe0009e67214ff5f5447ce83dd	2026-03-19T12:17:58.4919794Z If you want to create a new branch to retain commits you create, you may
pre-commit	Run actions/checkout@de0fac2e4500dabe0009e67214ff5f5447ce83dd	2026-03-19T12:17:58.4920511Z do so (now or later) by using -c with the switch command. Example:
pre-commit	Run actions/checkout@de0fac2e4500dabe0009e67214ff5f5447ce83dd	2026-03-19T12:17:58.4920927Z 
pre-commit	Run actions/checkout@de0fac2e4500dabe0009e67214ff5f5447ce83dd	2026-03-19T12:17:58.4921087Z   git switch -c <new-branch-name>
pre-commit	Run actions/checkout@de0fac2e4500dabe0009e67214ff5f5447ce83dd	2026-03-19T12:17:58.4921365Z 
pre-commit	Run actions/checkout@de0fac2e4500dabe0009e67214ff5f5447ce83dd	2026-03-19T12:17:58.4921515Z Or undo this operation with:
pre-commit	Run actions/checkout@de0fac2e4500dabe0009e67214ff5f5447ce83dd	2026-03-19T12:17:58.4921765Z 
pre-commit	Run actions/checkout@de0fac2e4500dabe0009e67214ff5f5447ce83dd	2026-03-19T12:17:58.4921901Z   git switch -
pre-commit	Run actions/checkout@de0fac2e4500dabe0009e67214ff5f5447ce83dd	2026-03-19T12:17:58.4922110Z 
pre-commit	Run actions/checkout@de0fac2e4500dabe0009e67214ff5f5447ce83dd	2026-03-19T12:17:58.4926523Z Turn off this advice by setting config variable advice.detachedHead to false
pre-commit	Run actions/checkout@de0fac2e4500dabe0009e67214ff5f5447ce83dd	2026-03-19T12:17:58.4927312Z 
pre-commit	Run actions/checkout@de0fac2e4500dabe0009e67214ff5f5447ce83dd	2026-03-19T12:17:58.4928250Z HEAD is now at b61244a Merge 17d0258a200507e1ab58aa5c6ef867836431424e into f27f8838d0c20bc6c0824997c1c1c407294088f7
pre-commit	Run actions/checkout@de0fac2e4500dabe0009e67214ff5f5447ce83dd	2026-03-19T12:17:58.4932898Z ##[endgroup]
pre-commit	Run actions/checkout@de0fac2e4500dabe0009e67214ff5f5447ce83dd	2026-03-19T12:17:58.5014649Z [command]/usr/bin/git log -1 --format=%H
pre-commit	Run actions/checkout@de0fac2e4500dabe0009e67214ff5f5447ce83dd	2026-03-19T12:17:58.5053773Z b61244a07fdc4535ef182bd839093a374c46e62d
pre-commit	Run actions/setup-python@a309ff8b426b58ec0e2a45f0f869d46889d02405	﻿2026-03-19T12:17:58.5265392Z ##[group]Run actions/setup-python@a309ff8b426b58ec0e2a45f0f869d46889d02405
pre-commit	Run actions/setup-python@a309ff8b426b58ec0e2a45f0f869d46889d02405	2026-03-19T12:17:58.5265782Z with:
pre-commit	Run actions/setup-python@a309ff8b426b58ec0e2a45f0f869d46889d02405	2026-03-19T12:17:58.5265971Z   check-latest: false
pre-commit	Run actions/setup-python@a309ff8b426b58ec0e2a45f0f869d46889d02405	2026-03-19T12:17:58.5266679Z   token: ***
pre-commit	Run actions/setup-python@a309ff8b426b58ec0e2a45f0f869d46889d02405	2026-03-19T12:17:58.5266891Z   update-environment: true
pre-commit	Run actions/setup-python@a309ff8b426b58ec0e2a45f0f869d46889d02405	2026-03-19T12:17:58.5267124Z   allow-prereleases: false
pre-commit	Run actions/setup-python@a309ff8b426b58ec0e2a45f0f869d46889d02405	2026-03-19T12:17:58.5267344Z   freethreaded: false
pre-commit	Run actions/setup-python@a309ff8b426b58ec0e2a45f0f869d46889d02405	2026-03-19T12:17:58.5267551Z ##[endgroup]
pre-commit	Run actions/setup-python@a309ff8b426b58ec0e2a45f0f869d46889d02405	2026-03-19T12:17:58.6574382Z [warning]Neither 'python-version' nor 'python-version-file' inputs were supplied. Attempting to find '.python-version' file.
pre-commit	Run actions/setup-python@a309ff8b426b58ec0e2a45f0f869d46889d02405	2026-03-19T12:17:58.6577091Z Resolved .python-version as 3.10
pre-commit	Run actions/setup-python@a309ff8b426b58ec0e2a45f0f869d46889d02405	2026-03-19T12:17:58.6579182Z ##[group]Installed versions
pre-commit	Run actions/setup-python@a309ff8b426b58ec0e2a45f0f869d46889d02405	2026-03-19T12:17:58.6670601Z Successfully set up CPython (3.10.20)
pre-commit	Run actions/setup-python@a309ff8b426b58ec0e2a45f0f869d46889d02405	2026-03-19T12:17:58.6671286Z ##[endgroup]
pre-commit	Run ./.github/actions/build-setup-common	﻿2026-03-19T12:17:58.6851030Z Prepare all required actions
pre-commit	Run ./.github/actions/build-setup-common	2026-03-19T12:17:58.6851441Z Getting action download info
pre-commit	Run ./.github/actions/build-setup-common	2026-03-19T12:17:58.8164873Z ##[group]Run ./.github/actions/build-setup-common
pre-commit	Run ./.github/actions/build-setup-common	2026-03-19T12:17:58.8165191Z with:
pre-commit	Run ./.github/actions/build-setup-common	2026-03-19T12:17:58.8165382Z   matrix_runner: ubuntu-22.04
pre-commit	Run ./.github/actions/build-setup-common	2026-03-19T12:17:58.8165683Z   remote_cache_upload: --remote_upload_local_results=false
pre-commit	Run ./.github/actions/build-setup-common	2026-03-19T12:17:58.8165993Z env:
pre-commit	Run ./.github/actions/build-setup-common	2026-03-19T12:17:58.8166608Z   pythonLocation: /opt/hostedtoolcache/Python/3.10.20/x64
pre-commit	Run ./.github/actions/build-setup-common	2026-03-19T12:17:58.8167065Z   PKG_CONFIG_PATH: /opt/hostedtoolcache/Python/3.10.20/x64/lib/pkgconfig
pre-commit	Run ./.github/actions/build-setup-common	2026-03-19T12:17:58.8167475Z   Python_ROOT_DIR: /opt/hostedtoolcache/Python/3.10.20/x64
pre-commit	Run ./.github/actions/build-setup-common	2026-03-19T12:17:58.8167838Z   Python2_ROOT_DIR: /opt/hostedtoolcache/Python/3.10.20/x64
pre-commit	Run ./.github/actions/build-setup-common	2026-03-19T12:17:58.8168193Z   Python3_ROOT_DIR: /opt/hostedtoolcache/Python/3.10.20/x64
pre-commit	Run ./.github/actions/build-setup-common	2026-03-19T12:17:58.8168552Z   LD_LIBRARY_PATH: /opt/hostedtoolcache/Python/3.10.20/x64/lib
pre-commit	Run ./.github/actions/build-setup-common	2026-03-19T12:17:58.8168857Z ##[endgroup]
pre-commit	Run ./.github/actions/build-setup-common	2026-03-19T12:17:58.8309891Z ##[group]Run actions/setup-python@a309ff8b426b58ec0e2a45f0f869d46889d02405
pre-commit	Run ./.github/actions/build-setup-common	2026-03-19T12:17:58.8310294Z with:
pre-commit	Run ./.github/actions/build-setup-common	2026-03-19T12:17:58.8310488Z   python-version: 3.10
pre-commit	Run ./.github/actions/build-setup-common	2026-03-19T12:17:58.8310713Z   check-latest: false
pre-commit	Run ./.github/actions/build-setup-common	2026-03-19T12:17:58.8311055Z   token: ***
pre-commit	Run ./.github/actions/build-setup-common	2026-03-19T12:17:58.8311260Z   update-environment: true
pre-commit	Run ./.github/actions/build-setup-common	2026-03-19T12:17:58.8311502Z   allow-prereleases: false
pre-commit	Run ./.github/actions/build-setup-common	2026-03-19T12:17:58.8311721Z   freethreaded: false
pre-commit	Run ./.github/actions/build-setup-common	2026-03-19T12:17:58.8311927Z env:
pre-commit	Run ./.github/actions/build-setup-common	2026-03-19T12:17:58.8312176Z   pythonLocation: /opt/hostedtoolcache/Python/3.10.20/x64
pre-commit	Run ./.github/actions/build-setup-common	2026-03-19T12:17:58.8312596Z   PKG_CONFIG_PATH: /opt/hostedtoolcache/Python/3.10.20/x64/lib/pkgconfig
pre-commit	Run ./.github/actions/build-setup-common	2026-03-19T12:17:58.8312989Z   Python_ROOT_DIR: /opt/hostedtoolcache/Python/3.10.20/x64
pre-commit	Run ./.github/actions/build-setup-common	2026-03-19T12:17:58.8313349Z   Python2_ROOT_DIR: /opt/hostedtoolcache/Python/3.10.20/x64
pre-commit	Run ./.github/actions/build-setup-common	2026-03-19T12:17:58.8313707Z   Python3_ROOT_DIR: /opt/hostedtoolcache/Python/3.10.20/x64
pre-commit	Run ./.github/actions/build-setup-common	2026-03-19T12:17:58.8314065Z   LD_LIBRARY_PATH: /opt/hostedtoolcache/Python/3.10.20/x64/lib
pre-commit	Run ./.github/actions/build-setup-common	2026-03-19T12:17:58.8314366Z ##[endgroup]
pre-commit	Run ./.github/actions/build-setup-common	2026-03-19T12:17:58.9584799Z ##[group]Installed versions
pre-commit	Run ./.github/actions/build-setup-common	2026-03-19T12:17:58.9645772Z Successfully set up CPython (3.10.20)
pre-commit	Run ./.github/actions/build-setup-common	2026-03-19T12:17:58.9646627Z ##[endgroup]
pre-commit	Run ./.github/actions/build-setup-common	2026-03-19T12:17:58.9785180Z Prepare all required actions
pre-commit	Run ./.github/actions/build-setup-common	2026-03-19T12:17:58.9785514Z Getting action download info
pre-commit	Run ./.github/actions/build-setup-common	2026-03-19T12:17:59.1228083Z Download action repository 'jlumbroso/free-disk-space@54081f138730dfa15788a46383842cd2f914a1be' (SHA:54081f138730dfa15788a46383842cd2f914a1be)
pre-commit	Run ./.github/actions/build-setup-common	2026-03-19T12:17:59.3818769Z Download action repository 'actions/cache@cdf6c1fa76f9f475f3d7449005a359c84ca0f306' (SHA:cdf6c1fa76f9f475f3d7449005a359c84ca0f306)
pre-commit	Run ./.github/actions/build-setup-common	2026-03-19T12:17:59.5172435Z ##[group]Run ./.github/actions/build-setup-ubuntu
pre-commit	Run ./.github/actions/build-setup-common	2026-03-19T12:17:59.5172751Z env:
pre-commit	Run ./.github/actions/build-setup-common	2026-03-19T12:17:59.5173000Z   pythonLocation: /opt/hostedtoolcache/Python/3.10.20/x64
pre-commit	Run ./.github/actions/build-setup-common	2026-03-19T12:17:59.5173414Z   PKG_CONFIG_PATH: /opt/hostedtoolcache/Python/3.10.20/x64/lib/pkgconfig
pre-commit	Run ./.github/actions/build-setup-common	2026-03-19T12:17:59.5173819Z   Python_ROOT_DIR: /opt/hostedtoolcache/Python/3.10.20/x64
pre-commit	Run ./.github/actions/build-setup-common	2026-03-19T12:17:59.5174197Z   Python2_ROOT_DIR: /opt/hostedtoolcache/Python/3.10.20/x64
pre-commit	Run ./.github/actions/build-setup-common	2026-03-19T12:17:59.5174556Z   Python3_ROOT_DIR: /opt/hostedtoolcache/Python/3.10.20/x64
pre-commit	Run ./.github/actions/build-setup-common	2026-03-19T12:17:59.5174917Z   LD_LIBRARY_PATH: /opt/hostedtoolcache/Python/3.10.20/x64/lib
pre-commit	Run ./.github/actions/build-setup-common	2026-03-19T12:17:59.5175223Z ##[endgroup]
pre-commit	Run ./.github/actions/build-setup-common	2026-03-19T12:17:59.5249044Z ##[group]Run jlumbroso/free-disk-space@54081f138730dfa15788a46383842cd2f914a1be
pre-commit	Run ./.github/actions/build-setup-common	2026-03-19T12:17:59.5249620Z with:
pre-commit	Run ./.github/actions/build-setup-common	2026-03-19T12:17:59.5249802Z   android: true
pre-commit	Run ./.github/actions/build-setup-common	2026-03-19T12:17:59.5250001Z   dotnet: true
pre-commit	Run ./.github/actions/build-setup-common	2026-03-19T12:17:59.5250196Z   haskell: true
pre-commit	Run ./.github/actions/build-setup-common	2026-03-19T12:17:59.5250395Z   large-packages: false
pre-commit	Run ./.github/actions/build-setup-common	2026-03-19T12:17:59.5250609Z   docker-images: true
pre-commit	Run ./.github/actions/build-setup-common	2026-03-19T12:17:59.5250823Z   tool-cache: false
pre-commit	Run ./.github/actions/build-setup-common	2026-03-19T12:17:59.5251022Z   swap-storage: true
pre-commit	Run ./.github/actions/build-setup-common	2026-03-19T12:17:59.5251216Z env:
pre-commit	Run ./.github/actions/build-setup-common	2026-03-19T12:17:59.5251463Z   pythonLocation: /opt/hostedtoolcache/Python/3.10.20/x64
pre-commit	Run ./.github/actions/build-setup-common	2026-03-19T12:17:59.5251878Z   PKG_CONFIG_PATH: /opt/hostedtoolcache/Python/3.10.20/x64/lib/pkgconfig
pre-commit	Run ./.github/actions/build-setup-common	2026-03-19T12:17:59.5252272Z   Python_ROOT_DIR: /opt/hostedtoolcache/Python/3.10.20/x64
pre-commit	Run ./.github/actions/build-setup-common	2026-03-19T12:17:59.5252822Z   Python2_ROOT_DIR: /opt/hostedtoolcache/Python/3.10.20/x64
pre-commit	Run ./.github/actions/build-setup-common	2026-03-19T12:17:59.5253178Z   Python3_ROOT_DIR: /opt/hostedtoolcache/Python/3.10.20/x64
pre-commit	Run ./.github/actions/build-setup-common	2026-03-19T12:17:59.5253538Z   LD_LIBRARY_PATH: /opt/hostedtoolcache/Python/3.10.20/x64/lib
pre-commit	Run ./.github/actions/build-setup-common	2026-03-19T12:17:59.5253841Z ##[endgroup]
pre-commit	Run ./.github/actions/build-setup-common	2026-03-19T12:17:59.5301078Z ##[group]Run # ======
pre-commit	Run ./.github/actions/build-setup-common	2026-03-19T12:17:59.5301789Z [36;1m[0m
pre-commit	Run ./.github/actions/build-setup-common	2026-03-19T12:17:59.5301979Z [36;1m# ======[0m
pre-commit	Run ./.github/actions/build-setup-common	2026-03-19T12:17:59.5302191Z [36;1m# MACROS[0m
pre-commit	Run ./.github/actions/build-setup-common	2026-03-19T12:17:59.5302394Z [36;1m# ======[0m
pre-commit	Run ./.github/actions/build-setup-common	2026-03-19T12:17:59.5302581Z [36;1m[0m
pre-commit	Run ./.github/actions/build-setup-common	2026-03-19T12:17:59.5302803Z [36;1m# macro to print a line of equals[0m
pre-commit	Run ./.github/actions/build-setup-common	2026-03-19T12:17:59.5303094Z [36;1m# (silly but works)[0m
pre-commit	Run ./.github/actions/build-setup-common	2026-03-19T12:17:59.5303342Z [36;1mprintSeparationLine() {[0m
pre-commit	Run ./.github/actions/build-setup-common	2026-03-19T12:17:59.5303577Z [36;1m  str=${1:=}[0m
pre-commit	Run ./.github/actions/build-setup-common	2026-03-19T12:17:59.5303782Z [36;1m  num=${2:-80}[0m
pre-commit	Run ./.github/actions/build-setup-common	2026-03-19T12:17:59.5303997Z [36;1m  counter=1[0m
pre-commit	Run ./.github/actions/build-setup-common	2026-03-19T12:17:59.5304209Z [36;1m  output=""[0m
pre-commit	Run ./.github/actions/build-setup-common	2026-03-19T12:17:59.5304423Z [36;1m  while [ $counter -le $num ][0m
pre-commit	Run ./.github/actions/build-setup-common	2026-03-19T12:17:59.5304671Z [36;1m  do[0m
pre-commit	Run ./.github/actions/build-setup-common	2026-03-19T12:17:59.5304861Z [36;1m     output="${output}${str}"[0m
pre-commit	Run ./.github/actions/build-setup-common	2026-03-19T12:17:59.5305117Z [36;1m     counter=$((counter+1))[0m
pre-commit	Run ./.github/actions/build-setup-common	2026-03-19T12:17:59.5305359Z [36;1m  done[0m
pre-commit	Run ./.github/actions/build-setup-common	2026-03-19T12:17:59.5305553Z [36;1m  echo "${output}"[0m
pre-commit	Run ./.github/actions/build-setup-common	2026-03-19T12:17:59.5305785Z [36;1m}[0m
pre-commit	Run ./.github/actions/build-setup-common	2026-03-19T12:17:59.5305959Z [36;1m[0m
pre-commit	Run ./.github/actions/build-setup-common	2026-03-19T12:17:59.5306342Z [36;1m# macro to compute available space[0m
pre-commit	Run ./.github/actions/build-setup-common	2026-03-19T12:17:59.5306707Z [36;1m# REF: https://unix.stackexchange.com/a/42049/60849[0m
pre-commit	Run ./.github/actions/build-setup-common	2026-03-19T12:17:59.5307085Z [36;1m# REF: https://stackoverflow.com/a/450821/408734[0m
pre-commit	Run ./.github/actions/build-setup-common	2026-03-19T12:17:59.5307562Z [36;1mgetAvailableSpace() { echo $(df -a $1 | awk 'NR > 1 {avail+=$4} END {print avail}'); }[0m
pre-commit	Run ./.github/actions/build-setup-common	2026-03-19T12:17:59.5307977Z [36;1m[0m
pre-commit	Run ./.github/actions/build-setup-common	2026-03-19T12:17:59.5308238Z [36;1m# macro to make Kb human readable (assume the input is Kb)[0m
pre-commit	Run ./.github/actions/build-setup-common	2026-03-19T12:17:59.5308651Z [36;1m# REF: https://unix.stackexchange.com/a/44087/60849[0m
pre-commit	Run ./.github/actions/build-setup-common	2026-03-19T12:17:59.5309118Z [36;1mformatByteCount() { echo $(numfmt --to=iec-i --suffix=B --padding=7 $1'000'); }[0m
pre-commit	Run ./.github/actions/build-setup-common	2026-03-19T12:17:59.5309519Z [36;1m[0m
pre-commit	Run ./.github/actions/build-setup-common	2026-03-19T12:17:59.5309704Z [36;1m# macro to output saved space[0m
pre-commit	Run ./.github/actions/build-setup-common	2026-03-19T12:17:59.5309968Z [36;1mprintSavedSpace() {[0m
pre-commit	Run ./.github/actions/build-setup-common	2026-03-19T12:17:59.5310193Z [36;1m  saved=${1}[0m
pre-commit	Run ./.github/actions/build-setup-common	2026-03-19T12:17:59.5310398Z [36;1m  title=${2:-}[0m
pre-commit	Run ./.github/actions/build-setup-common	2026-03-19T12:17:59.5310604Z [36;1m[0m
pre-commit	Run ./.github/actions/build-setup-common	2026-03-19T12:17:59.5310773Z [36;1m  echo ""[0m
pre-commit	Run ./.github/actions/build-setup-common	2026-03-19T12:17:59.5310996Z [36;1m  printSeparationLine '*' 80[0m
pre-commit	Run ./.github/actions/build-setup-common	2026-03-19T12:17:59.5311258Z [36;1m  if [ ! -z "${title}" ]; then[0m
pre-commit	Run ./.github/actions/build-setup-common	2026-03-19T12:17:59.5311571Z [36;1m    echo "=> ${title}: Saved $(formatByteCount $saved)"[0m
pre-commit	Run ./.github/actions/build-setup-common	2026-03-19T12:17:59.5311936Z [36;1m  else[0m
pre-commit	Run ./.github/actions/build-setup-common	2026-03-19T12:17:59.5312179Z [36;1m    echo "=> Saved $(formatByteCount $saved)"[0m
pre-commit	Run ./.github/actions/build-setup-common	2026-03-19T12:17:59.5312449Z [36;1m  fi[0m
pre-commit	Run ./.github/actions/build-setup-common	2026-03-19T12:17:59.5312650Z [36;1m  printSeparationLine '*' 80[0m
pre-commit	Run ./.github/actions/build-setup-common	2026-03-19T12:17:59.5312892Z [36;1m  echo ""[0m
pre-commit	Run ./.github/actions/build-setup-common	2026-03-19T12:17:59.5313069Z [36;1m}[0m
pre-commit	Run ./.github/actions/build-setup-common	2026-03-19T12:17:59.5313240Z [36;1m[0m
pre-commit	Run ./.github/actions/build-setup-common	2026-03-19T12:17:59.5313456Z [36;1m# macro to print output of dh with caption[0m
pre-commit	Run ./.github/actions/build-setup-common	2026-03-19T12:17:59.5313733Z [36;1mprintDH() {[0m
pre-commit	Run ./.github/actions/build-setup-common	2026-03-19T12:17:59.5313954Z [36;1m  caption=${1:-}[0m
pre-commit	Run ./.github/actions/build-setup-common	2026-03-19T12:17:59.5314164Z [36;1m[0m
pre-commit	Run ./.github/actions/build-setup-common	2026-03-19T12:17:59.5314573Z [36;1m  printSeparationLine '=' 80[0m
pre-commit	Run ./.github/actions/build-setup-common	2026-03-19T12:17:59.5314839Z [36;1m  echo "${caption}"[0m
pre-commit	Run ./.github/actions/build-setup-common	2026-03-19T12:17:59.5315061Z [36;1m  echo ""[0m
pre-commit	Run ./.github/actions/build-setup-common	2026-03-19T12:17:59.5315272Z [36;1m  echo "$ dh -h /"[0m
pre-commit	Run ./.github/actions/build-setup-common	2026-03-19T12:17:59.5315486Z [36;1m  echo ""[0m
pre-commit	Run ./.github/actions/build-setup-common	2026-03-19T12:17:59.5315676Z [36;1m  df -h /[0m
pre-commit	Run ./.github/actions/build-setup-common	2026-03-19T12:17:59.5315870Z [36;1m  echo "$ dh -a /"[0m
pre-commit	Run ./.github/actions/build-setup-common	2026-03-19T12:17:59.5316072Z [36;1m  echo ""[0m
pre-commit	Run ./.github/actions/build-setup-common	2026-03-19T12:17:59.5316470Z [36;1m  df -a /[0m
pre-commit	Run ./.github/actions/build-setup-common	2026-03-19T12:17:59.5316666Z [36;1m  echo "$ dh -a"[0m
pre-commit	Run ./.github/actions/build-setup-common	2026-03-19T12:17:59.5316863Z [36;1m  echo ""[0m
pre-commit	Run ./.github/actions/build-setup-common	2026-03-19T12:17:59.5317051Z [36;1m  df -a[0m
pre-commit	Run ./.github/actions/build-setup-common	2026-03-19T12:17:59.5317407Z [36;1m  printSeparationLine '=' 80[0m
pre-commit	Run ./.github/actions/build-setup-common	2026-03-19T12:17:59.5317641Z [36;1m}[0m
pre-commit	Run ./.github/actions/build-setup-common	2026-03-19T12:17:59.5317818Z [36;1m[0m
pre-commit	Run ./.github/actions/build-setup-common	2026-03-19T12:17:59.5317987Z [36;1m[0m
pre-commit	Run ./.github/actions/build-setup-common	2026-03-19T12:17:59.5318146Z [36;1m[0m
pre-commit	Run ./.github/actions/build-setup-common	2026-03-19T12:17:59.5318316Z [36;1m# ======[0m
pre-commit	Run ./.github/actions/build-setup-common	2026-03-19T12:17:59.5318506Z [36;1m# SCRIPT[0m
pre-commit	Run ./.github/actions/build-setup-common	2026-03-19T12:17:59.5318684Z [36;1m# ======[0m
pre-commit	Run ./.github/actions/build-setup-common	2026-03-19T12:17:59.5318870Z [36;1m[0m
pre-commit	Run ./.github/actions/build-setup-common	2026-03-19T12:17:59.5319069Z [36;1m# Display initial disk space stats[0m
pre-commit	Run ./.github/actions/build-setup-common	2026-03-19T12:17:59.5319326Z [36;1m[0m
pre-commit	Run ./.github/actions/build-setup-common	2026-03-19T12:17:59.5319527Z [36;1mAVAILABLE_INITIAL=$(getAvailableSpace)[0m
pre-commit	Run ./.github/actions/build-setup-common	2026-03-19T12:17:59.5319880Z [36;1mAVAILABLE_ROOT_INITIAL=$(getAvailableSpace '/')[0m
pre-commit	Run ./.github/actions/build-setup-common	2026-03-19T12:17:59.5320176Z [36;1m[0m
pre-commit	Run ./.github/actions/build-setup-common	2026-03-19T12:17:59.5320360Z [36;1mprintDH "BEFORE CLEAN-UP:"[0m
pre-commit	Run ./.github/actions/build-setup-common	2026-03-19T12:17:59.5320604Z [36;1mecho ""[0m
pre-commit	Run ./.github/actions/build-setup-common	2026-03-19T12:17:59.5320789Z [36;1m[0m
pre-commit	Run ./.github/actions/build-setup-common	2026-03-19T12:17:59.5320947Z [36;1m[0m
pre-commit	Run ./.github/actions/build-setup-common	2026-03-19T12:17:59.5321137Z [36;1m# Option: Remove Android library[0m
pre-commit	Run ./.github/actions/build-setup-common	2026-03-19T12:17:59.5321396Z [36;1m[0m
pre-commit	Run ./.github/actions/build-setup-common	2026-03-19T12:17:59.5321571Z [36;1mif [[ true == 'true' ]]; then[0m
pre-commit	Run ./.github/actions/build-setup-common	2026-03-19T12:17:59.5321830Z [36;1m  BEFORE=$(getAvailableSpace)[0m
pre-commit	Run ./.github/actions/build-setup-common	2026-03-19T12:17:59.5322069Z [36;1m  [0m
pre-commit	Run ./.github/actions/build-setup-common	2026-03-19T12:17:59.5322292Z [36;1m  sudo rm -rf /usr/local/lib/android || true[0m
pre-commit	Run ./.github/actions/build-setup-common	2026-03-19T12:17:59.5322562Z [36;1m[0m
pre-commit	Run ./.github/actions/build-setup-common	2026-03-19T12:17:59.5322752Z [36;1m  AFTER=$(getAvailableSpace)[0m
pre-commit	Run ./.github/actions/build-setup-common	2026-03-19T12:17:59.5323011Z [36;1m  SAVED=$((AFTER-BEFORE))[0m
pre-commit	Run ./.github/actions/build-setup-common	2026-03-19T12:17:59.5323289Z [36;1m  printSavedSpace $SAVED "Android library"[0m
pre-commit	Run ./.github/actions/build-setup-common	2026-03-19T12:17:59.5323567Z [36;1mfi[0m
pre-commit	Run ./.github/actions/build-setup-common	2026-03-19T12:17:59.5323742Z [36;1m[0m
pre-commit	Run ./.github/actions/build-setup-common	2026-03-19T12:17:59.5323919Z [36;1m# Option: Remove .NET runtime[0m
pre-commit	Run ./.github/actions/build-setup-common	2026-03-19T12:17:59.5324155Z [36;1m[0m
pre-commit	Run ./.github/actions/build-setup-common	2026-03-19T12:17:59.5324334Z [36;1mif [[ true == 'true' ]]; then[0m
pre-commit	Run ./.github/actions/build-setup-common	2026-03-19T12:17:59.5324574Z [36;1m  BEFORE=$(getAvailableSpace)[0m
pre-commit	Run ./.github/actions/build-setup-common	2026-03-19T12:17:59.5324810Z [36;1m[0m
pre-commit	Run ./.github/actions/build-setup-common	2026-03-19T12:17:59.5325155Z [36;1m  # https://github.community/t/bigger-github-hosted-runners-disk-space/17267/11[0m
pre-commit	Run ./.github/actions/build-setup-common	2026-03-19T12:17:59.5325601Z [36;1m  sudo rm -rf /usr/share/dotnet || true[0m
pre-commit	Run ./.github/actions/build-setup-common	2026-03-19T12:17:59.5325860Z [36;1m  [0m
pre-commit	Run ./.github/actions/build-setup-common	2026-03-19T12:17:59.5326053Z [36;1m  AFTER=$(getAvailableSpace)[0m
pre-commit	Run ./.github/actions/build-setup-common	2026-03-19T12:17:59.5326427Z [36;1m  SAVED=$((AFTER-BEFORE))[0m
pre-commit	Run ./.github/actions/build-setup-common	2026-03-19T12:17:59.5326687Z [36;1m  printSavedSpace $SAVED ".NET runtime"[0m
pre-commit	Run ./.github/actions/build-setup-common	2026-03-19T12:17:59.5326955Z [36;1mfi[0m
pre-commit	Run ./.github/actions/build-setup-common	2026-03-19T12:17:59.5327130Z [36;1m[0m
pre-commit	Run ./.github/actions/build-setup-common	2026-03-19T12:17:59.5327315Z [36;1m# Option: Remove Haskell runtime[0m
pre-commit	Run ./.github/actions/build-setup-common	2026-03-19T12:17:59.5327559Z [36;1m[0m
pre-commit	Run ./.github/actions/build-setup-common	2026-03-19T12:17:59.5327740Z [36;1mif [[ true == 'true' ]]; then[0m
pre-commit	Run ./.github/actions/build-setup-common	2026-03-19T12:17:59.5327986Z [36;1m  BEFORE=$(getAvailableSpace)[0m
pre-commit	Run ./.github/actions/build-setup-common	2026-03-19T12:17:59.5328213Z [36;1m[0m
pre-commit	Run ./.github/actions/build-setup-common	2026-03-19T12:17:59.5328397Z [36;1m  sudo rm -rf /opt/ghc || true[0m
pre-commit	Run ./.github/actions/build-setup-common	2026-03-19T12:17:59.5328674Z [36;1m  sudo rm -rf /usr/local/.ghcup || true[0m
pre-commit	Run ./.github/actions/build-setup-common	2026-03-19T12:17:59.5328925Z [36;1m  [0m
pre-commit	Run ./.github/actions/build-setup-common	2026-03-19T12:17:59.5329112Z [36;1m  AFTER=$(getAvailableSpace)[0m
pre-commit	Run ./.github/actions/build-setup-common	2026-03-19T12:17:59.5329366Z [36;1m  SAVED=$((AFTER-BEFORE))[0m
pre-commit	Run ./.github/actions/build-setup-common	2026-03-19T12:17:59.5329629Z [36;1m  printSavedSpace $SAVED "Haskell runtime"[0m
pre-commit	Run ./.github/actions/build-setup-common	2026-03-19T12:17:59.5329898Z [36;1mfi[0m
pre-commit	Run ./.github/actions/build-setup-common	2026-03-19T12:17:59.5330071Z [36;1m[0m
pre-commit	Run ./.github/actions/build-setup-common	2026-03-19T12:17:59.5330255Z [36;1m# Option: Remove large packages[0m
pre-commit	Run ./.github/actions/build-setup-common	2026-03-19T12:17:59.5330708Z [36;1m# REF: https://github.com/apache/flink/blob/master/tools/azure-pipelines/free_disk_space.sh[0m
pre-commit	Run ./.github/actions/build-setup-common	2026-03-19T12:17:59.5331333Z [36;1m[0m
pre-commit	Run ./.github/actions/build-setup-common	2026-03-19T12:17:59.5331529Z [36;1mif [[ false == 'true' ]]; then[0m
pre-commit	Run ./.github/actions/build-setup-common	2026-03-19T12:17:59.5331795Z [36;1m  BEFORE=$(getAvailableSpace)[0m
pre-commit	Run ./.github/actions/build-setup-common	2026-03-19T12:17:59.5332042Z [36;1m  [0m
pre-commit	Run ./.github/actions/build-setup-common	2026-03-19T12:17:59.5332625Z [36;1m  sudo apt-get remove -y '^aspnetcore-.*' || echo "::warning::The command [sudo apt-get remove -y '^aspnetcore-.*'] failed to complete successfully. Proceeding..."[0m
pre-commit	Run ./.github/actions/build-setup-common	2026-03-19T12:17:59.5333663Z [36;1m  sudo apt-get remove -y '^dotnet-.*' --fix-missing || echo "::warning::The command [sudo apt-get remove -y '^dotnet-.*' --fix-missing] failed to complete successfully. Proceeding..."[0m
pre-commit	Run ./.github/actions/build-setup-common	2026-03-19T12:17:59.5334834Z [36;1m  sudo apt-get remove -y '^llvm-.*' --fix-missing || echo "::warning::The command [sudo apt-get remove -y '^llvm-.*' --fix-missing] failed to complete successfully. Proceeding..."[0m
pre-commit	Run ./.github/actions/build-setup-common	2026-03-19T12:17:59.5335894Z [36;1m  sudo apt-get remove -y 'php.*' --fix-missing || echo "::warning::The command [sudo apt-get remove -y 'php.*' --fix-missing] failed to complete successfully. Proceeding..."[0m
pre-commit	Run ./.github/actions/build-setup-common	2026-03-19T12:17:59.5337075Z [36;1m  sudo apt-get remove -y '^mongodb-.*' --fix-missing || echo "::warning::The command [sudo apt-get remove -y '^mongodb-.*' --fix-missing] failed to complete successfully. Proceeding..."[0m
pre-commit	Run ./.github/actions/build-setup-common	2026-03-19T12:17:59.5338123Z [36;1m  sudo apt-get remove -y '^mysql-.*' --fix-missing || echo "::warning::The command [sudo apt-get remove -y '^mysql-.*' --fix-missing] failed to complete successfully. Proceeding..."[0m
pre-commit	Run ./.github/actions/build-setup-common	2026-03-19T12:17:59.5339609Z [36;1m  sudo apt-get remove -y azure-cli google-chrome-stable firefox powershell mono-devel libgl1-mesa-dri --fix-missing || echo "::warning::The command [sudo apt-get remove -y azure-cli google-chrome-stable firefox powershell mono-devel libgl1-mesa-dri --fix-missing] failed to complete successfully. Proceeding..."[0m
pre-commit	Run ./.github/actions/build-setup-common	2026-03-19T12:17:59.5341149Z [36;1m  sudo apt-get remove -y google-cloud-sdk --fix-missing || echo "::debug::The command [sudo apt-get remove -y google-cloud-sdk --fix-missing] failed to complete successfully. Proceeding..."[0m
pre-commit	Run ./.github/actions/build-setup-common	2026-03-19T12:17:59.5342267Z [36;1m  sudo apt-get remove -y google-cloud-cli --fix-missing || echo "::debug::The command [sudo apt-get remove -y google-cloud-cli --fix-missing] failed to complete successfully. Proceeding..."[0m
pre-commit	Run ./.github/actions/build-setup-common	2026-03-19T12:17:59.5343234Z [36;1m  sudo apt-get autoremove -y || echo "::warning::The command [sudo apt-get autoremove -y] failed to complete successfully. Proceeding..."[0m
pre-commit	Run ./.github/actions/build-setup-common	2026-03-19T12:17:59.5344014Z [36;1m  sudo apt-get clean || echo "::warning::The command [sudo apt-get clean] failed to complete successfully. Proceeding..."[0m
pre-commit	Run ./.github/actions/build-setup-common	2026-03-19T12:17:59.5344502Z [36;1m[0m
pre-commit	Run ./.github/actions/build-setup-common	2026-03-19T12:17:59.5344701Z [36;1m  AFTER=$(getAvailableSpace)[0m
pre-commit	Run ./.github/actions/build-setup-common	2026-03-19T12:17:59.5344960Z [36;1m  SAVED=$((AFTER-BEFORE))[0m
pre-commit	Run ./.github/actions/build-setup-common	2026-03-19T12:17:59.5345266Z [36;1m  printSavedSpace $SAVED "Large misc. packages"[0m
pre-commit	Run ./.github/actions/build-setup-common	2026-03-19T12:17:59.5345558Z [36;1mfi[0m
pre-commit	Run ./.github/actions/build-setup-common	2026-03-19T12:17:59.5345737Z [36;1m[0m
pre-commit	Run ./.github/actions/build-setup-common	2026-03-19T12:17:59.5345929Z [36;1m# Option: Remove Docker images[0m
pre-commit	Run ./.github/actions/build-setup-common	2026-03-19T12:17:59.5346275Z [36;1m[0m
pre-commit	Run ./.github/actions/build-setup-common	2026-03-19T12:17:59.5346460Z [36;1mif [[ true == 'true' ]]; then[0m
pre-commit	Run ./.github/actions/build-setup-common	2026-03-19T12:17:59.5346714Z [36;1m  BEFORE=$(getAvailableSpace)[0m
pre-commit	Run ./.github/actions/build-setup-common	2026-03-19T12:17:59.5346953Z [36;1m[0m
pre-commit	Run ./.github/actions/build-setup-common	2026-03-19T12:17:59.5347177Z [36;1m  sudo docker image prune --all --force || true[0m
pre-commit	Run ./.github/actions/build-setup-common	2026-03-19T12:17:59.5347461Z [36;1m[0m
pre-commit	Run ./.github/actions/build-setup-common	2026-03-19T12:17:59.5347655Z [36;1m  AFTER=$(getAvailableSpace)[0m
pre-commit	Run ./.github/actions/build-setup-common	2026-03-19T12:17:59.5347919Z [36;1m  SAVED=$((AFTER-BEFORE))[0m
pre-commit	Run ./.github/actions/build-setup-common	2026-03-19T12:17:59.5348192Z [36;1m  printSavedSpace $SAVED "Docker images"[0m
pre-commit	Run ./.github/actions/build-setup-common	2026-03-19T12:17:59.5348473Z [36;1mfi[0m
pre-commit	Run ./.github/actions/build-setup-common	2026-03-19T12:17:59.5348650Z [36;1m[0m
pre-commit	Run ./.github/actions/build-setup-common	2026-03-19T12:17:59.5348836Z [36;1m# Option: Remove tool cache[0m
pre-commit	Run ./.github/actions/build-setup-common	2026-03-19T12:17:59.5349275Z [36;1m# REF: https://github.com/actions/virtual-environments/issues/2875#issuecomment-1163392159[0m
pre-commit	Run ./.github/actions/build-setup-common	2026-03-19T12:17:59.5349702Z [36;1m[0m
pre-commit	Run ./.github/actions/build-setup-common	2026-03-19T12:17:59.5349900Z [36;1mif [[ false == 'true' ]]; then[0m
pre-commit	Run ./.github/actions/build-setup-common	2026-03-19T12:17:59.5350299Z [36;1m  BEFORE=$(getAvailableSpace)[0m
pre-commit	Run ./.github/actions/build-setup-common	2026-03-19T12:17:59.5350546Z [36;1m[0m
pre-commit	Run ./.github/actions/build-setup-common	2026-03-19T12:17:59.5350769Z [36;1m  sudo rm -rf "$AGENT_TOOLSDIRECTORY" || true[0m
pre-commit	Run ./.github/actions/build-setup-common	2026-03-19T12:17:59.5351041Z [36;1m  [0m
pre-commit	Run ./.github/actions/build-setup-common	2026-03-19T12:17:59.5351239Z [36;1m  AFTER=$(getAvailableSpace)[0m
pre-commit	Run ./.github/actions/build-setup-common	2026-03-19T12:17:59.5351497Z [36;1m  SAVED=$((AFTER-BEFORE))[0m
pre-commit	Run ./.github/actions/build-setup-common	2026-03-19T12:17:59.5351767Z [36;1m  printSavedSpace $SAVED "Tool cache"[0m
pre-commit	Run ./.github/actions/build-setup-common	2026-03-19T12:17:59.5352025Z [36;1mfi[0m
pre-commit	Run ./.github/actions/build-setup-common	2026-03-19T12:17:59.5352199Z [36;1m[0m
pre-commit	Run ./.github/actions/build-setup-common	2026-03-19T12:17:59.5352388Z [36;1m# Option: Remove Swap storage[0m
pre-commit	Run ./.github/actions/build-setup-common	2026-03-19T12:17:59.5352781Z [36;1m[0m
pre-commit	Run ./.github/actions/build-setup-common	2026-03-19T12:17:59.5352954Z [36;1mif [[ true == 'true' ]]; then[0m
pre-commit	Run ./.github/actions/build-setup-common	2026-03-19T12:17:59.5353209Z [36;1m  BEFORE=$(getAvailableSpace)[0m
pre-commit	Run ./.github/actions/build-setup-common	2026-03-19T12:17:59.5353447Z [36;1m[0m
pre-commit	Run ./.github/actions/build-setup-common	2026-03-19T12:17:59.5353634Z [36;1m  sudo swapoff -a || true[0m
pre-commit	Run ./.github/actions/build-setup-common	2026-03-19T12:17:59.5353886Z [36;1m  sudo rm -f /mnt/swapfile || true[0m
pre-commit	Run ./.github/actions/build-setup-common	2026-03-19T12:17:59.5354150Z [36;1m  free -h[0m
pre-commit	Run ./.github/actions/build-setup-common	2026-03-19T12:17:59.5354354Z [36;1m  [0m
pre-commit	Run ./.github/actions/build-setup-common	2026-03-19T12:17:59.5354539Z [36;1m  AFTER=$(getAvailableSpace)[0m
pre-commit	Run ./.github/actions/build-setup-common	2026-03-19T12:17:59.5354792Z [36;1m  SAVED=$((AFTER-BEFORE))[0m
pre-commit	Run ./.github/actions/build-setup-common	2026-03-19T12:17:59.5355062Z [36;1m  printSavedSpace $SAVED "Swap storage"[0m
pre-commit	Run ./.github/actions/build-setup-common	2026-03-19T12:17:59.5355326Z [36;1mfi[0m
pre-commit	Run ./.github/actions/build-setup-common	2026-03-19T12:17:59.5355502Z [36;1m[0m
pre-commit	Run ./.github/actions/build-setup-common	2026-03-19T12:17:59.5355670Z [36;1m[0m
pre-commit	Run ./.github/actions/build-setup-common	2026-03-19T12:17:59.5355835Z [36;1m[0m
pre-commit	Run ./.github/actions/build-setup-common	2026-03-19T12:17:59.5356028Z [36;1m# Output saved space statistic[0m
pre-commit	Run ./.github/actions/build-setup-common	2026-03-19T12:17:59.5356385Z [36;1m[0m
pre-commit	Run ./.github/actions/build-setup-common	2026-03-19T12:17:59.5356586Z [36;1mAVAILABLE_END=$(getAvailableSpace)[0m
pre-commit	Run ./.github/actions/build-setup-common	2026-03-19T12:17:59.5356900Z [36;1mAVAILABLE_ROOT_END=$(getAvailableSpace '/')[0m
pre-commit	Run ./.github/actions/build-setup-common	2026-03-19T12:17:59.5357183Z [36;1m[0m
pre-commit	Run ./.github/actions/build-setup-common	2026-03-19T12:17:59.5357357Z [36;1mecho ""[0m
pre-commit	Run ./.github/actions/build-setup-common	2026-03-19T12:17:59.5357561Z [36;1mprintDH "AFTER CLEAN-UP:"[0m
pre-commit	Run ./.github/actions/build-setup-common	2026-03-19T12:17:59.5357793Z [36;1m[0m
pre-commit	Run ./.github/actions/build-setup-common	2026-03-19T12:17:59.5357966Z [36;1mecho ""[0m
pre-commit	Run ./.github/actions/build-setup-common	2026-03-19T12:17:59.5358144Z [36;1mecho ""[0m
pre-commit	Run ./.github/actions/build-setup-common	2026-03-19T12:17:59.5358327Z [36;1m[0m
pre-commit	Run ./.github/actions/build-setup-common	2026-03-19T12:17:59.5358507Z [36;1mecho "/dev/root:"[0m
pre-commit	Run ./.github/actions/build-setup-common	2026-03-19T12:17:59.5358837Z [36;1mprintSavedSpace $((AVAILABLE_ROOT_END - AVAILABLE_ROOT_INITIAL))[0m
pre-commit	Run ./.github/actions/build-setup-common	2026-03-19T12:17:59.5359203Z [36;1mecho "overall:"[0m
pre-commit	Run ./.github/actions/build-setup-common	2026-03-19T12:17:59.5359504Z [36;1mprintSavedSpace $((AVAILABLE_END - AVAILABLE_INITIAL))[0m
pre-commit	Run ./.github/actions/build-setup-common	2026-03-19T12:17:59.5429278Z shell: /usr/bin/bash --noprofile --norc -e -o pipefail {0}
pre-commit	Run ./.github/actions/build-setup-common	2026-03-19T12:17:59.5429639Z env:
pre-commit	Run ./.github/actions/build-setup-common	2026-03-19T12:17:59.5429909Z   pythonLocation: /opt/hostedtoolcache/Python/3.10.20/x64
pre-commit	Run ./.github/actions/build-setup-common	2026-03-19T12:17:59.5430327Z   PKG_CONFIG_PATH: /opt/hostedtoolcache/Python/3.10.20/x64/lib/pkgconfig
pre-commit	Run ./.github/actions/build-setup-common	2026-03-19T12:17:59.5430758Z   Python_ROOT_DIR: /opt/hostedtoolcache/Python/3.10.20/x64
pre-commit	Run ./.github/actions/build-setup-common	2026-03-19T12:17:59.5431123Z   Python2_ROOT_DIR: /opt/hostedtoolcache/Python/3.10.20/x64
pre-commit	Run ./.github/actions/build-setup-common	2026-03-19T12:17:59.5431485Z   Python3_ROOT_DIR: /opt/hostedtoolcache/Python/3.10.20/x64
pre-commit	Run ./.github/actions/build-setup-common	2026-03-19T12:17:59.5431837Z   LD_LIBRARY_PATH: /opt/hostedtoolcache/Python/3.10.20/x64/lib
pre-commit	Run ./.github/actions/build-setup-common	2026-03-19T12:17:59.5432153Z ##[endgroup]
pre-commit	Run ./.github/actions/build-setup-common	2026-03-19T12:17:59.5693781Z ================================================================================
pre-commit	Run ./.github/actions/build-setup-common	2026-03-19T12:17:59.5694394Z BEFORE CLEAN-UP:
pre-commit	Run ./.github/actions/build-setup-common	2026-03-19T12:17:59.5710722Z 
pre-commit	Run ./.github/actions/build-setup-common	2026-03-19T12:17:59.5710903Z $ dh -h /
pre-commit	Run ./.github/actions/build-setup-common	2026-03-19T12:17:59.5711065Z 
pre-commit	Run ./.github/actions/build-setup-common	2026-03-19T12:17:59.5712600Z Filesystem      Size  Used Avail Use% Mounted on
pre-commit	Run ./.github/actions/build-setup-common	2026-03-19T12:17:59.5713056Z /dev/root       146G   55G   92G  38% /
pre-commit	Run ./.github/actions/build-setup-common	2026-03-19T12:17:59.5713387Z $ dh -a /
pre-commit	Run ./.github/actions/build-setup-common	2026-03-19T12:17:59.5713492Z 
pre-commit	Run ./.github/actions/build-setup-common	2026-03-19T12:17:59.5724041Z Filesystem     1K-blocks     Used Available Use% Mounted on
pre-commit	Run ./.github/actions/build-setup-common	2026-03-19T12:17:59.5724431Z /dev/root      152243760 56722384  95504992  38% /
pre-commit	Run ./.github/actions/build-setup-common	2026-03-19T12:17:59.5726020Z $ dh -a
pre-commit	Run ./.github/actions/build-setup-common	2026-03-19T12:17:59.5726435Z 
pre-commit	Run ./.github/actions/build-setup-common	2026-03-19T12:17:59.5745006Z Filesystem     1K-blocks     Used Available Use% Mounted on
pre-commit	Run ./.github/actions/build-setup-common	2026-03-19T12:17:59.5745606Z /dev/root      152243760 56722384  95504992  38% /
pre-commit	Run ./.github/actions/build-setup-common	2026-03-19T12:17:59.5746040Z devtmpfs         8183696        0   8183696   0% /dev
pre-commit	Run ./.github/actions/build-setup-common	2026-03-19T12:17:59.5746605Z proc                   0        0         0    - /proc
pre-commit	Run ./.github/actions/build-setup-common	2026-03-19T12:17:59.5747138Z sysfs                  0        0         0    - /sys
pre-commit	Run ./.github/actions/build-setup-common	2026-03-19T12:17:59.5747471Z securityfs             0        0         0    - /sys/kernel/security
pre-commit	Run ./.github/actions/build-setup-common	2026-03-19T12:17:59.5747857Z tmpfs            8187428      172   8187256   1% /dev/shm
pre-commit	Run ./.github/actions/build-setup-common	2026-03-19T12:17:59.5748184Z devpts                 0        0         0    - /dev/pts
pre-commit	Run ./.github/actions/build-setup-common	2026-03-19T12:17:59.5748668Z tmpfs            3274972     1036   3273936   1% /run
pre-commit	Run ./.github/actions/build-setup-common	2026-03-19T12:17:59.5749125Z tmpfs               5120        0      5120   0% /run/lock
pre-commit	Run ./.github/actions/build-setup-common	2026-03-19T12:17:59.5749462Z cgroup2                0        0         0    - /sys/fs/cgroup
pre-commit	Run ./.github/actions/build-setup-common	2026-03-19T12:17:59.5749978Z pstore                 0        0         0    - /sys/fs/pstore
pre-commit	Run ./.github/actions/build-setup-common	2026-03-19T12:17:59.5750339Z efivarfs          131072       34    131034   1% /sys/firmware/efi/efivars
pre-commit	Run ./.github/actions/build-setup-common	2026-03-19T12:17:59.5750698Z bpf                    0        0         0    - /sys/fs/bpf
pre-commit	Run ./.github/actions/build-setup-common	2026-03-19T12:17:59.5751071Z systemd-1              -        -         -    - /proc/sys/fs/binfmt_misc
pre-commit	Run ./.github/actions/build-setup-common	2026-03-19T12:17:59.5751451Z hugetlbfs              0        0         0    - /dev/hugepages
pre-commit	Run ./.github/actions/build-setup-common	2026-03-19T12:17:59.5751779Z mqueue                 0        0         0    - /dev/mqueue
pre-commit	Run ./.github/actions/build-setup-common	2026-03-19T12:17:59.5752114Z debugfs                0        0         0    - /sys/kernel/debug
pre-commit	Run ./.github/actions/build-setup-common	2026-03-19T12:17:59.5752472Z tracefs                0        0         0    - /sys/kernel/tracing
pre-commit	Run ./.github/actions/build-setup-common	2026-03-19T12:17:59.5752817Z configfs               0        0         0    - /sys/kernel/config
pre-commit	Run ./.github/actions/build-setup-common	2026-03-19T12:17:59.5753354Z fusectl                0        0         0    - /sys/fs/fuse/connections
pre-commit	Run ./.github/actions/build-setup-common	2026-03-19T12:17:59.5753755Z ramfs                  0        0         0    - /run/credentials/systemd-sysusers.service
pre-commit	Run ./.github/actions/build-setup-common	2026-03-19T12:17:59.5754177Z /dev/loop0         65408    65408         0 100% /snap/core20/2686
pre-commit	Run ./.github/actions/build-setup-common	2026-03-19T12:17:59.5754522Z /dev/loop1         93696    93696         0 100% /snap/lxd/36918
pre-commit	Run ./.github/actions/build-setup-common	2026-03-19T12:17:59.5754874Z /dev/loop2         49280    49280         0 100% /snap/snapd/25935
pre-commit	Run ./.github/actions/build-setup-common	2026-03-19T12:17:59.5755225Z /dev/sda15        106832     6194    100638   6% /boot/efi
pre-commit	Run ./.github/actions/build-setup-common	2026-03-19T12:17:59.5755566Z binfmt_misc            0        0         0    - /proc/sys/fs/binfmt_misc
pre-commit	Run ./.github/actions/build-setup-common	2026-03-19T12:17:59.5755933Z tmpfs            3274972     1036   3273936   1% /run/snapd/ns
pre-commit	Run ./.github/actions/build-setup-common	2026-03-19T12:17:59.5756958Z tmpfs            1637484       12   1637472   1% /run/user/1001
pre-commit	Run ./.github/actions/build-setup-common	2026-03-19T12:17:59.5757304Z nsfs                   0        0         0    - /run/snapd/ns/lxd.mnt
pre-commit	Run ./.github/actions/build-setup-common	2026-03-19T12:17:59.5757649Z ================================================================================
pre-commit	Run ./.github/actions/build-setup-common	2026-03-19T12:17:59.5757877Z 
pre-commit	Run ./.github/actions/build-setup-common	2026-03-19T12:18:13.4817763Z 
pre-commit	Run ./.github/actions/build-setup-common	2026-03-19T12:18:13.4824329Z ********************************************************************************
pre-commit	Run ./.github/actions/build-setup-common	2026-03-19T12:18:13.4891184Z => Android library: Saved 9.7GiB
pre-commit	Run ./.github/actions/build-setup-common	2026-03-19T12:18:13.4897787Z ********************************************************************************
pre-commit	Run ./.github/actions/build-setup-common	2026-03-19T12:18:13.4898149Z 
pre-commit	Run ./.github/actions/build-setup-common	2026-03-19T12:18:15.8462636Z 
pre-commit	Run ./.github/actions/build-setup-common	2026-03-19T12:18:15.8469092Z ********************************************************************************
pre-commit	Run ./.github/actions/build-setup-common	2026-03-19T12:18:15.8491439Z => .NET runtime: Saved 4.1GiB
pre-commit	Run ./.github/actions/build-setup-common	2026-03-19T12:18:15.8498130Z ********************************************************************************
pre-commit	Run ./.github/actions/build-setup-common	2026-03-19T12:18:15.8498511Z 
pre-commit	Run ./.github/actions/build-setup-common	2026-03-19T12:18:16.7901842Z 
pre-commit	Run ./.github/actions/build-setup-common	2026-03-19T12:18:16.7908720Z ********************************************************************************
pre-commit	Run ./.github/actions/build-setup-common	2026-03-19T12:18:16.7929467Z => Haskell runtime: Saved 3.6GiB
pre-commit	Run ./.github/actions/build-setup-common	2026-03-19T12:18:16.7935964Z ********************************************************************************
pre-commit	Run ./.github/actions/build-setup-common	2026-03-19T12:18:16.7936497Z 
pre-commit	Run ./.github/actions/build-setup-common	2026-03-19T12:18:16.8572079Z Total reclaimed space: 0B
pre-commit	Run ./.github/actions/build-setup-common	2026-03-19T12:18:16.8634818Z 
pre-commit	Run ./.github/actions/build-setup-common	2026-03-19T12:18:16.8641299Z ********************************************************************************
pre-commit	Run ./.github/actions/build-setup-common	2026-03-19T12:18:16.8661878Z => Docker images: Saved 0B
pre-commit	Run ./.github/actions/build-setup-common	2026-03-19T12:18:16.8668057Z ********************************************************************************
pre-commit	Run ./.github/actions/build-setup-common	2026-03-19T12:18:16.8668424Z 
pre-commit	Run ./.github/actions/build-setup-common	2026-03-19T12:18:16.8976065Z                total        used        free      shared  buff/cache   available
pre-commit	Run ./.github/actions/build-setup-common	2026-03-19T12:18:16.8977340Z Mem:            15Gi       557Mi        13Gi        48Mi       2.0Gi        14Gi
pre-commit	Run ./.github/actions/build-setup-common	2026-03-19T12:18:16.8977833Z Swap:             0B          0B          0B
pre-commit	Run ./.github/actions/build-setup-common	2026-03-19T12:18:16.9016081Z 
pre-commit	Run ./.github/actions/build-setup-common	2026-03-19T12:18:16.9022784Z ********************************************************************************
pre-commit	Run ./.github/actions/build-setup-common	2026-03-19T12:18:16.9039813Z numfmt: invalid option -- '8'
pre-commit	Run ./.github/actions/build-setup-common	2026-03-19T12:18:16.9040274Z Try 'numfmt --help' for more information.
pre-commit	Run ./.github/actions/build-setup-common	2026-03-19T12:18:16.9043858Z => Swap storage: Saved 
pre-commit	Run ./.github/actions/build-setup-common	2026-03-19T12:18:16.9050346Z ********************************************************************************
pre-commit	Run ./.github/actions/build-setup-common	2026-03-19T12:18:16.9051007Z 
pre-commit	Run ./.github/actions/build-setup-common	2026-03-19T12:18:16.9132523Z 
pre-commit	Run ./.github/actions/build-setup-common	2026-03-19T12:18:16.9134506Z ================================================================================
pre-commit	Run ./.github/actions/build-setup-common	2026-03-19T12:18:16.9135034Z AFTER CLEAN-UP:
pre-commit	Run ./.github/actions/build-setup-common	2026-03-19T12:18:16.9136793Z 
pre-commit	Run ./.github/actions/build-setup-common	2026-03-19T12:18:16.9136930Z $ dh -h /
pre-commit	Run ./.github/actions/build-setup-common	2026-03-19T12:18:16.9137094Z 
pre-commit	Run ./.github/actions/build-setup-common	2026-03-19T12:18:16.9148974Z Filesystem      Size  Used Avail Use% Mounted on
pre-commit	Run ./.github/actions/build-setup-common	2026-03-19T12:18:16.9149312Z /dev/root       146G   37G  109G  26% /
pre-commit	Run ./.github/actions/build-setup-common	2026-03-19T12:18:16.9150970Z $ dh -a /
pre-commit	Run ./.github/actions/build-setup-common	2026-03-19T12:18:16.9151150Z 
pre-commit	Run ./.github/actions/build-setup-common	2026-03-19T12:18:16.9163825Z Filesystem     1K-blocks     Used Available Use% Mounted on
pre-commit	Run ./.github/actions/build-setup-common	2026-03-19T12:18:16.9164217Z /dev/root      152243760 38219388 114007988  26% /
pre-commit	Run ./.github/actions/build-setup-common	2026-03-19T12:18:16.9165692Z $ dh -a
pre-commit	Run ./.github/actions/build-setup-common	2026-03-19T12:18:16.9165867Z 
pre-commit	Run ./.github/actions/build-setup-common	2026-03-19T12:18:16.9183327Z Filesystem     1K-blocks     Used Available Use% Mounted on
pre-commit	Run ./.github/actions/build-setup-common	2026-03-19T12:18:16.9183707Z /dev/root      152243760 38219388 114007988  26% /
pre-commit	Run ./.github/actions/build-setup-common	2026-03-19T12:18:16.9184066Z devtmpfs         8183696        0   8183696   0% /dev
pre-commit	Run ./.github/actions/build-setup-common	2026-03-19T12:18:16.9184548Z proc                   0        0         0    - /proc
pre-commit	Run ./.github/actions/build-setup-common	2026-03-19T12:18:16.9185012Z sysfs                  0        0         0    - /sys
pre-commit	Run ./.github/actions/build-setup-common	2026-03-19T12:18:16.9185537Z securityfs             0        0         0    - /sys/kernel/security
pre-commit	Run ./.github/actions/build-setup-common	2026-03-19T12:18:16.9186082Z tmpfs            8187428      172   8187256   1% /dev/shm
pre-commit	Run ./.github/actions/build-setup-common	2026-03-19T12:18:16.9186754Z devpts                 0        0         0    - /dev/pts
pre-commit	Run ./.github/actions/build-setup-common	2026-03-19T12:18:16.9187229Z tmpfs            3274972     1036   3273936   1% /run
pre-commit	Run ./.github/actions/build-setup-common	2026-03-19T12:18:16.9187702Z tmpfs               5120        0      5120   0% /run/lock
pre-commit	Run ./.github/actions/build-setup-common	2026-03-19T12:18:16.9188206Z cgroup2                0        0         0    - /sys/fs/cgroup
pre-commit	Run ./.github/actions/build-setup-common	2026-03-19T12:18:16.9188737Z pstore                 0        0         0    - /sys/fs/pstore
pre-commit	Run ./.github/actions/build-setup-common	2026-03-19T12:18:16.9189317Z efivarfs          131072       34    131034   1% /sys/firmware/efi/efivars
pre-commit	Run ./.github/actions/build-setup-common	2026-03-19T12:18:16.9189878Z bpf                    0        0         0    - /sys/fs/bpf
pre-commit	Run ./.github/actions/build-setup-common	2026-03-19T12:18:16.9190442Z systemd-1              -        -         -    - /proc/sys/fs/binfmt_misc
pre-commit	Run ./.github/actions/build-setup-common	2026-03-19T12:18:16.9191029Z hugetlbfs              0        0         0    - /dev/hugepages
pre-commit	Run ./.github/actions/build-setup-common	2026-03-19T12:18:16.9191557Z mqueue                 0        0         0    - /dev/mqueue
pre-commit	Run ./.github/actions/build-setup-common	2026-03-19T12:18:16.9192078Z debugfs                0        0         0    - /sys/kernel/debug
pre-commit	Run ./.github/actions/build-setup-common	2026-03-19T12:18:16.9192643Z tracefs                0        0         0    - /sys/kernel/tracing
pre-commit	Run ./.github/actions/build-setup-common	2026-03-19T12:18:16.9193201Z configfs               0        0         0    - /sys/kernel/config
pre-commit	Run ./.github/actions/build-setup-common	2026-03-19T12:18:16.9193766Z fusectl                0        0         0    - /sys/fs/fuse/connections
pre-commit	Run ./.github/actions/build-setup-common	2026-03-19T12:18:16.9194368Z ramfs                  0        0         0    - /run/credentials/systemd-sysusers.service
pre-commit	Run ./.github/actions/build-setup-common	2026-03-19T12:18:16.9195005Z /dev/loop0         65408    65408         0 100% /snap/core20/2686
pre-commit	Run ./.github/actions/build-setup-common	2026-03-19T12:18:16.9195571Z /dev/loop1         93696    93696         0 100% /snap/lxd/36918
pre-commit	Run ./.github/actions/build-setup-common	2026-03-19T12:18:16.9196122Z /dev/loop2         49280    49280         0 100% /snap/snapd/25935
pre-commit	Run ./.github/actions/build-setup-common	2026-03-19T12:18:16.9196808Z /dev/sda15        106832     6194    100638   6% /boot/efi
pre-commit	Run ./.github/actions/build-setup-common	2026-03-19T12:18:16.9197378Z binfmt_misc            0        0         0    - /proc/sys/fs/binfmt_misc
pre-commit	Run ./.github/actions/build-setup-common	2026-03-19T12:18:16.9197954Z tmpfs            3274972     1036   3273936   1% /run/snapd/ns
pre-commit	Run ./.github/actions/build-setup-common	2026-03-19T12:18:16.9198777Z tmpfs            1637484       12   1637472   1% /run/user/1001
pre-commit	Run ./.github/actions/build-setup-common	2026-03-19T12:18:16.9199316Z nsfs                   0        0         0    - /run/snapd/ns/lxd.mnt
pre-commit	Run ./.github/actions/build-setup-common	2026-03-19T12:18:16.9199844Z ================================================================================
pre-commit	Run ./.github/actions/build-setup-common	2026-03-19T12:18:16.9200187Z 
pre-commit	Run ./.github/actions/build-setup-common	2026-03-19T12:18:16.9200197Z 
pre-commit	Run ./.github/actions/build-setup-common	2026-03-19T12:18:16.9200308Z /dev/root:
pre-commit	Run ./.github/actions/build-setup-common	2026-03-19T12:18:16.9200479Z 
pre-commit	Run ./.github/actions/build-setup-common	2026-03-19T12:18:16.9203573Z ********************************************************************************
pre-commit	Run ./.github/actions/build-setup-common	2026-03-19T12:18:16.9225053Z => Saved 18GiB
pre-commit	Run ./.github/actions/build-setup-common	2026-03-19T12:18:16.9231776Z ********************************************************************************
pre-commit	Run ./.github/actions/build-setup-common	2026-03-19T12:18:16.9232434Z 
pre-commit	Run ./.github/actions/build-setup-common	2026-03-19T12:18:16.9232563Z overall:
pre-commit	Run ./.github/actions/build-setup-common	2026-03-19T12:18:16.9232725Z 
pre-commit	Run ./.github/actions/build-setup-common	2026-03-19T12:18:16.9239035Z ********************************************************************************
pre-commit	Run ./.github/actions/build-setup-common	2026-03-19T12:18:16.9259834Z => Saved 18GiB
pre-commit	Run ./.github/actions/build-setup-common	2026-03-19T12:18:16.9266502Z ********************************************************************************
pre-commit	Run ./.github/actions/build-setup-common	2026-03-19T12:18:16.9266882Z 
pre-commit	Run ./.github/actions/build-setup-common	2026-03-19T12:18:16.9330506Z ##[group]Run actions/cache@cdf6c1fa76f9f475f3d7449005a359c84ca0f306
pre-commit	Run ./.github/actions/build-setup-common	2026-03-19T12:18:16.9331028Z with:
pre-commit	Run ./.github/actions/build-setup-common	2026-03-19T12:18:16.9331361Z   path: ~/llvm
pre-commit	Run ./.github/actions/build-setup-common	2026-03-19T12:18:16.9331652Z   key: LLVM-19.1.7-Cache-ubuntu-X64
pre-commit	Run ./.github/actions/build-setup-common	2026-03-19T12:18:16.9332078Z   enableCrossOsArchive: false
pre-commit	Run ./.github/actions/build-setup-common	2026-03-19T12:18:16.9332464Z   fail-on-cache-miss: false
pre-commit	Run ./.github/actions/build-setup-common	2026-03-19T12:18:16.9332786Z   lookup-only: false
pre-commit	Run ./.github/actions/build-setup-common	2026-03-19T12:18:16.9333132Z   save-always: false
pre-commit	Run ./.github/actions/build-setup-common	2026-03-19T12:18:16.9333464Z env:
pre-commit	Run ./.github/actions/build-setup-common	2026-03-19T12:18:16.9333856Z   pythonLocation: /opt/hostedtoolcache/Python/3.10.20/x64
pre-commit	Run ./.github/actions/build-setup-common	2026-03-19T12:18:16.9334405Z   PKG_CONFIG_PATH: /opt/hostedtoolcache/Python/3.10.20/x64/lib/pkgconfig
pre-commit	Run ./.github/actions/build-setup-common	2026-03-19T12:18:16.9334955Z   Python_ROOT_DIR: /opt/hostedtoolcache/Python/3.10.20/x64
pre-commit	Run ./.github/actions/build-setup-common	2026-03-19T12:18:16.9335461Z   Python2_ROOT_DIR: /opt/hostedtoolcache/Python/3.10.20/x64
pre-commit	Run ./.github/actions/build-setup-common	2026-03-19T12:18:16.9335929Z   Python3_ROOT_DIR: /opt/hostedtoolcache/Python/3.10.20/x64
pre-commit	Run ./.github/actions/build-setup-common	2026-03-19T12:18:16.9336741Z   LD_LIBRARY_PATH: /opt/hostedtoolcache/Python/3.10.20/x64/lib
pre-commit	Run ./.github/actions/build-setup-common	2026-03-19T12:18:16.9337190Z ##[endgroup]
pre-commit	Run ./.github/actions/build-setup-common	2026-03-19T12:18:17.1965183Z Cache hit for: LLVM-19.1.7-Cache-ubuntu-X64
pre-commit	Run ./.github/actions/build-setup-common	2026-03-19T12:18:18.3678176Z Received 134217728 of 937276224 (14.3%), 124.3 MBs/sec
pre-commit	Run ./.github/actions/build-setup-common	2026-03-19T12:18:19.3658724Z Received 352321536 of 937276224 (37.6%), 165.4 MBs/sec
pre-commit	Run ./.github/actions/build-setup-common	2026-03-19T12:18:20.3653368Z Received 511705088 of 937276224 (54.6%), 161.0 MBs/sec
pre-commit	Run ./.github/actions/build-setup-common	2026-03-19T12:18:21.3662325Z Received 700448768 of 937276224 (74.7%), 165.7 MBs/sec
pre-commit	Run ./.github/actions/build-setup-common	2026-03-19T12:18:22.5706725Z Received 805306368 of 937276224 (85.9%), 146.7 MBs/sec
pre-commit	Run ./.github/actions/build-setup-common	2026-03-19T12:18:23.2916731Z Received 937276224 of 937276224 (100.0%), 150.1 MBs/sec
pre-commit	Run ./.github/actions/build-setup-common	2026-03-19T12:18:23.2922037Z Cache Size: ~894 MB (937276224 B)
pre-commit	Run ./.github/actions/build-setup-common	2026-03-19T12:18:23.3012967Z [command]/usr/bin/tar -xf /home/runner/work/_temp/6946005e-1389-4c90-82a8-2cf734838f6b/cache.tzst -P -C /home/runner/work/carbon-lang/carbon-lang --use-compress-program unzstd
pre-commit	Run ./.github/actions/build-setup-common	2026-03-19T12:18:30.0299087Z Cache restored successfully
pre-commit	Run ./.github/actions/build-setup-common	2026-03-19T12:18:30.6619054Z Cache restored from key: LLVM-19.1.7-Cache-ubuntu-X64
pre-commit	Run ./.github/actions/build-setup-common	2026-03-19T12:18:30.6808558Z ##[group]Run LLVM_PATH=~/llvm
pre-commit	Run ./.github/actions/build-setup-common	2026-03-19T12:18:30.6809001Z [36;1mLLVM_PATH=~/llvm[0m
pre-commit	Run ./.github/actions/build-setup-common	2026-03-19T12:18:30.6809300Z [36;1mecho "Using ${LLVM_PATH}"[0m
pre-commit	Run ./.github/actions/build-setup-common	2026-03-19T12:18:30.6809797Z [36;1mecho "${LLVM_PATH}/bin" >> $GITHUB_PATH[0m
pre-commit	Run ./.github/actions/build-setup-common	2026-03-19T12:18:30.6810224Z [36;1mecho '*** ls "${LLVM_PATH}"'[0m
pre-commit	Run ./.github/actions/build-setup-common	2026-03-19T12:18:30.6810659Z [36;1mls "${LLVM_PATH}"[0m
pre-commit	Run ./.github/actions/build-setup-common	2026-03-19T12:18:30.6811052Z [36;1mecho '*** ls "${LLVM_PATH}/bin"'[0m
pre-commit	Run ./.github/actions/build-setup-common	2026-03-19T12:18:30.6811442Z [36;1mls "${LLVM_PATH}/bin"[0m
pre-commit	Run ./.github/actions/build-setup-common	2026-03-19T12:18:30.6850121Z shell: /usr/bin/bash --noprofile --norc -e -o pipefail {0}
pre-commit	Run ./.github/actions/build-setup-common	2026-03-19T12:18:30.6850578Z env:
pre-commit	Run ./.github/actions/build-setup-common	2026-03-19T12:18:30.6850844Z   pythonLocation: /opt/hostedtoolcache/Python/3.10.20/x64
pre-commit	Run ./.github/actions/build-setup-common	2026-03-19T12:18:30.6851264Z   PKG_CONFIG_PATH: /opt/hostedtoolcache/Python/3.10.20/x64/lib/pkgconfig
pre-commit	Run ./.github/actions/build-setup-common	2026-03-19T12:18:30.6851677Z   Python_ROOT_DIR: /opt/hostedtoolcache/Python/3.10.20/x64
pre-commit	Run ./.github/actions/build-setup-common	2026-03-19T12:18:30.6852047Z   Python2_ROOT_DIR: /opt/hostedtoolcache/Python/3.10.20/x64
pre-commit	Run ./.github/actions/build-setup-common	2026-03-19T12:18:30.6852625Z   Python3_ROOT_DIR: /opt/hostedtoolcache/Python/3.10.20/x64
pre-commit	Run ./.github/actions/build-setup-common	2026-03-19T12:18:30.6852999Z   LD_LIBRARY_PATH: /opt/hostedtoolcache/Python/3.10.20/x64/lib
pre-commit	Run ./.github/actions/build-setup-common	2026-03-19T12:18:30.6853318Z ##[endgroup]
pre-commit	Run ./.github/actions/build-setup-common	2026-03-19T12:18:30.8035469Z Using /home/runner/llvm
pre-commit	Run ./.github/actions/build-setup-common	2026-03-19T12:18:30.8036501Z *** ls "${LLVM_PATH}"
pre-commit	Run ./.github/actions/build-setup-common	2026-03-19T12:18:30.8054153Z bin
pre-commit	Run ./.github/actions/build-setup-common	2026-03-19T12:18:30.8054538Z include
pre-commit	Run ./.github/actions/build-setup-common	2026-03-19T12:18:30.8054932Z lib
pre-commit	Run ./.github/actions/build-setup-common	2026-03-19T12:18:30.8055636Z libexec
pre-commit	Run ./.github/actions/build-setup-common	2026-03-19T12:18:30.8055899Z local
pre-commit	Run ./.github/actions/build-setup-common	2026-03-19T12:18:30.8056333Z share
pre-commit	Run ./.github/actions/build-setup-common	2026-03-19T12:18:30.8056842Z *** ls "${LLVM_PATH}/bin"
pre-commit	Run ./.github/actions/build-setup-common	2026-03-19T12:18:30.8072708Z amdgpu-arch
pre-commit	Run ./.github/actions/build-setup-common	2026-03-19T12:18:30.8073181Z analyze-build
pre-commit	Run ./.github/actions/build-setup-common	2026-03-19T12:18:30.8073687Z bbc
pre-commit	Run ./.github/actions/build-setup-common	2026-03-19T12:18:30.8073950Z clang
pre-commit	Run ./.github/actions/build-setup-common	2026-03-19T12:18:30.8074210Z clang++
pre-commit	Run ./.github/actions/build-setup-common	2026-03-19T12:18:30.8074473Z clang-19
pre-commit	Run ./.github/actions/build-setup-common	2026-03-19T12:18:30.8074777Z clang-apply-replacements
pre-commit	Run ./.github/actions/build-setup-common	2026-03-19T12:18:30.8075168Z clang-change-namespace
pre-commit	Run ./.github/actions/build-setup-common	2026-03-19T12:18:30.8075505Z clang-cl
pre-commit	Run ./.github/actions/build-setup-common	2026-03-19T12:18:30.8075790Z clang-cpp
pre-commit	Run ./.github/actions/build-setup-common	2026-03-19T12:18:30.8076046Z clang-doc
pre-commit	Run ./.github/actions/build-setup-common	2026-03-19T12:18:30.8076467Z clang-extdef-mapping
pre-commit	Run ./.github/actions/build-setup-common	2026-03-19T12:18:30.8076813Z clang-format
pre-commit	Run ./.github/actions/build-setup-common	2026-03-19T12:18:30.8077105Z clang-include-cleaner
pre-commit	Run ./.github/actions/build-setup-common	2026-03-19T12:18:30.8077434Z clang-include-fixer
pre-commit	Run ./.github/actions/build-setup-common	2026-03-19T12:18:30.8077745Z clang-installapi
pre-commit	Run ./.github/actions/build-setup-common	2026-03-19T12:18:30.8077997Z clang-linker-wrapper
pre-commit	Run ./.github/actions/build-setup-common	2026-03-19T12:18:30.8078201Z clang-move
pre-commit	Run ./.github/actions/build-setup-common	2026-03-19T12:18:30.8078393Z clang-nvlink-wrapper
pre-commit	Run ./.github/actions/build-setup-common	2026-03-19T12:18:30.8078598Z clang-offload-bundler
pre-commit	Run ./.github/actions/build-setup-common	2026-03-19T12:18:30.8078853Z clang-offload-packager
pre-commit	Run ./.github/actions/build-setup-common	2026-03-19T12:18:30.8079066Z clang-pseudo
pre-commit	Run ./.github/actions/build-setup-common	2026-03-19T12:18:30.8079254Z clang-query
pre-commit	Run ./.github/actions/build-setup-common	2026-03-19T12:18:30.8079455Z clang-refactor
pre-commit	Run ./.github/actions/build-setup-common	2026-03-19T12:18:30.8079653Z clang-rename
pre-commit	Run ./.github/actions/build-setup-common	2026-03-19T12:18:30.8079842Z clang-reorder-fields
pre-commit	Run ./.github/actions/build-setup-common	2026-03-19T12:18:30.8080070Z clang-tblgen
pre-commit	Run ./.github/actions/build-setup-common	2026-03-19T12:18:30.8080247Z clang-tidy
pre-commit	Run ./.github/actions/build-setup-common	2026-03-19T12:18:30.8080518Z clangd
pre-commit	Run ./.github/actions/build-setup-common	2026-03-19T12:18:30.8080778Z diagtool
pre-commit	Run ./.github/actions/build-setup-common	2026-03-19T12:18:30.8081037Z dsymutil
pre-commit	Run ./.github/actions/build-setup-common	2026-03-19T12:18:30.8081292Z f18-parse-demo
pre-commit	Run ./.github/actions/build-setup-common	2026-03-19T12:18:30.8081575Z find-all-symbols
pre-commit	Run ./.github/actions/build-setup-common	2026-03-19T12:18:30.8081767Z fir-opt
pre-commit	Run ./.github/actions/build-setup-common	2026-03-19T12:18:30.8081940Z git-clang-format
pre-commit	Run ./.github/actions/build-setup-common	2026-03-19T12:18:30.8082128Z hmaptool
pre-commit	Run ./.github/actions/build-setup-common	2026-03-19T12:18:30.8082316Z intercept-build
pre-commit	Run ./.github/actions/build-setup-common	2026-03-19T12:18:30.8082510Z ld.lld
pre-commit	Run ./.github/actions/build-setup-common	2026-03-19T12:18:30.8082685Z ld64.lld
pre-commit	Run ./.github/actions/build-setup-common	2026-03-19T12:18:30.8082846Z lld
pre-commit	Run ./.github/actions/build-setup-common	2026-03-19T12:18:30.8083036Z lld-link
pre-commit	Run ./.github/actions/build-setup-common	2026-03-19T12:18:30.8083205Z lldb
pre-commit	Run ./.github/actions/build-setup-common	2026-03-19T12:18:30.8083384Z lldb-argdumper
pre-commit	Run ./.github/actions/build-setup-common	2026-03-19T12:18:30.8083576Z lldb-dap
pre-commit	Run ./.github/actions/build-setup-common	2026-03-19T12:18:30.8083748Z lldb-instr
pre-commit	Run ./.github/actions/build-setup-common	2026-03-19T12:18:30.8083920Z lldb-server
pre-commit	Run ./.github/actions/build-setup-common	2026-03-19T12:18:30.8084096Z lli
pre-commit	Run ./.github/actions/build-setup-common	2026-03-19T12:18:30.8084269Z llvm-addr2line
pre-commit	Run ./.github/actions/build-setup-common	2026-03-19T12:18:30.8084452Z llvm-ar
pre-commit	Run ./.github/actions/build-setup-common	2026-03-19T12:18:30.8084627Z llvm-as
pre-commit	Run ./.github/actions/build-setup-common	2026-03-19T12:18:30.8084791Z llvm-bcanalyzer
pre-commit	Run ./.github/actions/build-setup-common	2026-03-19T12:18:30.8084996Z llvm-bitcode-strip
pre-commit	Run ./.github/actions/build-setup-common	2026-03-19T12:18:30.8085194Z llvm-cat
pre-commit	Run ./.github/actions/build-setup-common	2026-03-19T12:18:30.8085368Z llvm-cfi-verify
pre-commit	Run ./.github/actions/build-setup-common	2026-03-19T12:18:30.8085554Z llvm-config
pre-commit	Run ./.github/actions/build-setup-common	2026-03-19T12:18:30.8085727Z llvm-cov
pre-commit	Run ./.github/actions/build-setup-common	2026-03-19T12:18:30.8085893Z llvm-cvtres
pre-commit	Run ./.github/actions/build-setup-common	2026-03-19T12:18:30.8086069Z llvm-cxxdump
pre-commit	Run ./.github/actions/build-setup-common	2026-03-19T12:18:30.8086475Z llvm-cxxfilt
pre-commit	Run ./.github/actions/build-setup-common	2026-03-19T12:18:30.8086658Z llvm-cxxmap
pre-commit	Run ./.github/actions/build-setup-common	2026-03-19T12:18:30.8086852Z llvm-debuginfo-analyzer
pre-commit	Run ./.github/actions/build-setup-common	2026-03-19T12:18:30.8087069Z llvm-debuginfod
pre-commit	Run ./.github/actions/build-setup-common	2026-03-19T12:18:30.8087265Z llvm-debuginfod-find
pre-commit	Run ./.github/actions/build-setup-common	2026-03-19T12:18:30.8087485Z llvm-diff
pre-commit	Run ./.github/actions/build-setup-common	2026-03-19T12:18:30.8087660Z llvm-dis
pre-commit	Run ./.github/actions/build-setup-common	2026-03-19T12:18:30.8087833Z llvm-dlltool
pre-commit	Run ./.github/actions/build-setup-common	2026-03-19T12:18:30.8088021Z llvm-dwarfdump
pre-commit	Run ./.github/actions/build-setup-common	2026-03-19T12:18:30.8088215Z llvm-dwarfutil
pre-commit	Run ./.github/actions/build-setup-common	2026-03-19T12:18:30.8088398Z llvm-dwp
pre-commit	Run ./.github/actions/build-setup-common	2026-03-19T12:18:30.8088577Z llvm-extract
pre-commit	Run ./.github/actions/build-setup-common	2026-03-19T12:18:30.8088757Z llvm-gsymutil
pre-commit	Run ./.github/actions/build-setup-common	2026-03-19T12:18:30.8088941Z llvm-ifs
pre-commit	Run ./.github/actions/build-setup-common	2026-03-19T12:18:30.8089121Z llvm-install-name-tool
pre-commit	Run ./.github/actions/build-setup-common	2026-03-19T12:18:30.8089343Z llvm-lib
pre-commit	Run ./.github/actions/build-setup-common	2026-03-19T12:18:30.8089528Z llvm-libtool-darwin
pre-commit	Run ./.github/actions/build-setup-common	2026-03-19T12:18:30.8089732Z llvm-link
pre-commit	Run ./.github/actions/build-setup-common	2026-03-19T12:18:30.8089906Z llvm-lipo
pre-commit	Run ./.github/actions/build-setup-common	2026-03-19T12:18:30.8090073Z llvm-mc
pre-commit	Run ./.github/actions/build-setup-common	2026-03-19T12:18:30.8090247Z llvm-mca
pre-commit	Run ./.github/actions/build-setup-common	2026-03-19T12:18:30.8090414Z llvm-ml
pre-commit	Run ./.github/actions/build-setup-common	2026-03-19T12:18:30.8090586Z llvm-modextract
pre-commit	Run ./.github/actions/build-setup-common	2026-03-19T12:18:30.8090776Z llvm-mt
pre-commit	Run ./.github/actions/build-setup-common	2026-03-19T12:18:30.8091182Z llvm-nm
pre-commit	Run ./.github/actions/build-setup-common	2026-03-19T12:18:30.8091351Z llvm-objcopy
pre-commit	Run ./.github/actions/build-setup-common	2026-03-19T12:18:30.8091536Z llvm-objdump
pre-commit	Run ./.github/actions/build-setup-common	2026-03-19T12:18:30.8091731Z llvm-opt-report
pre-commit	Run ./.github/actions/build-setup-common	2026-03-19T12:18:30.8091925Z llvm-otool
pre-commit	Run ./.github/actions/build-setup-common	2026-03-19T12:18:30.8092114Z llvm-pdbutil
pre-commit	Run ./.github/actions/build-setup-common	2026-03-19T12:18:30.8092299Z llvm-profdata
pre-commit	Run ./.github/actions/build-setup-common	2026-03-19T12:18:30.8092490Z llvm-profgen
pre-commit	Run ./.github/actions/build-setup-common	2026-03-19T12:18:30.8092673Z llvm-ranlib
pre-commit	Run ./.github/actions/build-setup-common	2026-03-19T12:18:30.8092854Z llvm-rc
pre-commit	Run ./.github/actions/build-setup-common	2026-03-19T12:18:30.8093030Z llvm-readelf
pre-commit	Run ./.github/actions/build-setup-common	2026-03-19T12:18:30.8093209Z llvm-readobj
pre-commit	Run ./.github/actions/build-setup-common	2026-03-19T12:18:30.8093387Z llvm-readtapi
pre-commit	Run ./.github/actions/build-setup-common	2026-03-19T12:18:30.8093575Z llvm-remarkutil
pre-commit	Run ./.github/actions/build-setup-common	2026-03-19T12:18:30.8093762Z llvm-rtdyld
pre-commit	Run ./.github/actions/build-setup-common	2026-03-19T12:18:30.8093942Z llvm-sim
pre-commit	Run ./.github/actions/build-setup-common	2026-03-19T12:18:30.8094257Z llvm-size
pre-commit	Run ./.github/actions/build-setup-common	2026-03-19T12:18:30.8094430Z llvm-split
pre-commit	Run ./.github/actions/build-setup-common	2026-03-19T12:18:30.8094610Z llvm-stress
pre-commit	Run ./.github/actions/build-setup-common	2026-03-19T12:18:30.8094795Z llvm-strings
pre-commit	Run ./.github/actions/build-setup-common	2026-03-19T12:18:30.8094984Z llvm-strip
pre-commit	Run ./.github/actions/build-setup-common	2026-03-19T12:18:30.8095167Z llvm-symbolizer
pre-commit	Run ./.github/actions/build-setup-common	2026-03-19T12:18:30.8095346Z llvm-tblgen
pre-commit	Run ./.github/actions/build-setup-common	2026-03-19T12:18:30.8095527Z llvm-tli-checker
pre-commit	Run ./.github/actions/build-setup-common	2026-03-19T12:18:30.8095726Z llvm-undname
pre-commit	Run ./.github/actions/build-setup-common	2026-03-19T12:18:30.8095923Z llvm-windres
pre-commit	Run ./.github/actions/build-setup-common	2026-03-19T12:18:30.8096103Z llvm-xray
pre-commit	Run ./.github/actions/build-setup-common	2026-03-19T12:18:30.8096423Z merge-fdata
pre-commit	Run ./.github/actions/build-setup-common	2026-03-19T12:18:30.8096594Z modularize
pre-commit	Run ./.github/actions/build-setup-common	2026-03-19T12:18:30.8096773Z nvptx-arch
pre-commit	Run ./.github/actions/build-setup-common	2026-03-19T12:18:30.8096957Z perf2bolt
pre-commit	Run ./.github/actions/build-setup-common	2026-03-19T12:18:30.8097137Z pp-trace
pre-commit	Run ./.github/actions/build-setup-common	2026-03-19T12:18:30.8097327Z reduce-chunk-list
pre-commit	Run ./.github/actions/build-setup-common	2026-03-19T12:18:30.8097526Z run-clang-tidy
pre-commit	Run ./.github/actions/build-setup-common	2026-03-19T12:18:30.8097715Z sancov
pre-commit	Run ./.github/actions/build-setup-common	2026-03-19T12:18:30.8097891Z sanstats
pre-commit	Run ./.github/actions/build-setup-common	2026-03-19T12:18:30.8098067Z scan-build
pre-commit	Run ./.github/actions/build-setup-common	2026-03-19T12:18:30.8098247Z scan-build-py
pre-commit	Run ./.github/actions/build-setup-common	2026-03-19T12:18:30.8098431Z scan-view
pre-commit	Run ./.github/actions/build-setup-common	2026-03-19T12:18:30.8098602Z tblgen-lsp-server
pre-commit	Run ./.github/actions/build-setup-common	2026-03-19T12:18:30.8098799Z tblgen-to-irdl
pre-commit	Run ./.github/actions/build-setup-common	2026-03-19T12:18:30.8098989Z tco
pre-commit	Run ./.github/actions/build-setup-common	2026-03-19T12:18:30.8099176Z verify-uselistorder
pre-commit	Run ./.github/actions/build-setup-common	2026-03-19T12:18:30.8099375Z wasm-ld
pre-commit	Run ./.github/actions/build-setup-common	2026-03-19T12:18:30.8122294Z ##[group]Run echo '*** PATH'
pre-commit	Run ./.github/actions/build-setup-common	2026-03-19T12:18:30.8122603Z [36;1mecho '*** PATH'[0m
pre-commit	Run ./.github/actions/build-setup-common	2026-03-19T12:18:30.8122835Z [36;1mecho $PATH[0m
pre-commit	Run ./.github/actions/build-setup-common	2026-03-19T12:18:30.8123051Z [36;1mecho '*** bazelisk'[0m
pre-commit	Run ./.github/actions/build-setup-common	2026-03-19T12:18:30.8123300Z [36;1mwhich bazelisk[0m
pre-commit	Run ./.github/actions/build-setup-common	2026-03-19T12:18:30.8123534Z [36;1mbazelisk --version[0m
pre-commit	Run ./.github/actions/build-setup-common	2026-03-19T12:18:30.8123777Z [36;1mecho '*** run_bazel.py'[0m
pre-commit	Run ./.github/actions/build-setup-common	2026-03-19T12:18:30.8124048Z [36;1m./scripts/run_bazel.py --version[0m
pre-commit	Run ./.github/actions/build-setup-common	2026-03-19T12:18:30.8124325Z [36;1mecho '*** python'[0m
pre-commit	Run ./.github/actions/build-setup-common	2026-03-19T12:18:30.8124555Z [36;1mwhich python[0m
pre-commit	Run ./.github/actions/build-setup-common	2026-03-19T12:18:30.8124784Z [36;1mpython --version[0m
pre-commit	Run ./.github/actions/build-setup-common	2026-03-19T12:18:30.8125014Z [36;1mecho '*** clang'[0m
pre-commit	Run ./.github/actions/build-setup-common	2026-03-19T12:18:30.8125229Z [36;1mwhich clang[0m
pre-commit	Run ./.github/actions/build-setup-common	2026-03-19T12:18:30.8125438Z [36;1mclang --version[0m
pre-commit	Run ./.github/actions/build-setup-common	2026-03-19T12:18:30.8125664Z [36;1mecho '*** clang++'[0m
pre-commit	Run ./.github/actions/build-setup-common	2026-03-19T12:18:30.8125911Z [36;1mwhich clang++[0m
pre-commit	Run ./.github/actions/build-setup-common	2026-03-19T12:18:30.8126366Z [36;1mclang++ --version[0m
pre-commit	Run ./.github/actions/build-setup-common	2026-03-19T12:18:30.8126674Z [36;1mecho '*** clang-tidy'[0m
pre-commit	Run ./.github/actions/build-setup-common	2026-03-19T12:18:30.8126914Z [36;1mwhich clang-tidy[0m
pre-commit	Run ./.github/actions/build-setup-common	2026-03-19T12:18:30.8127135Z [36;1mclang-tidy --version[0m
pre-commit	Run ./.github/actions/build-setup-common	2026-03-19T12:18:30.8176263Z shell: /usr/bin/bash --noprofile --norc -e -o pipefail {0}
pre-commit	Run ./.github/actions/build-setup-common	2026-03-19T12:18:30.8176615Z env:
pre-commit	Run ./.github/actions/build-setup-common	2026-03-19T12:18:30.8176875Z   pythonLocation: /opt/hostedtoolcache/Python/3.10.20/x64
pre-commit	Run ./.github/actions/build-setup-common	2026-03-19T12:18:30.8177300Z   PKG_CONFIG_PATH: /opt/hostedtoolcache/Python/3.10.20/x64/lib/pkgconfig
pre-commit	Run ./.github/actions/build-setup-common	2026-03-19T12:18:30.8177708Z   Python_ROOT_DIR: /opt/hostedtoolcache/Python/3.10.20/x64
pre-commit	Run ./.github/actions/build-setup-common	2026-03-19T12:18:30.8178075Z   Python2_ROOT_DIR: /opt/hostedtoolcache/Python/3.10.20/x64
pre-commit	Run ./.github/actions/build-setup-common	2026-03-19T12:18:30.8178446Z   Python3_ROOT_DIR: /opt/hostedtoolcache/Python/3.10.20/x64
pre-commit	Run ./.github/actions/build-setup-common	2026-03-19T12:18:30.8178816Z   LD_LIBRARY_PATH: /opt/hostedtoolcache/Python/3.10.20/x64/lib
pre-commit	Run ./.github/actions/build-setup-common	2026-03-19T12:18:30.8179134Z ##[endgroup]
pre-commit	Run ./.github/actions/build-setup-common	2026-03-19T12:18:30.8248991Z *** PATH
pre-commit	Run ./.github/actions/build-setup-common	2026-03-19T12:18:30.8250439Z /home/runner/llvm/bin:/opt/hostedtoolcache/Python/3.10.20/x64/bin:/opt/hostedtoolcache/Python/3.10.20/x64:/snap/bin:/home/runner/.local/bin:/opt/pipx_bin:/home/runner/.cargo/bin:/home/runner/.config/composer/vendor/bin:/usr/local/.ghcup/bin:/home/runner/.dotnet/tools:/usr/local/sbin:/usr/local/bin:/usr/sbin:/usr/bin:/sbin:/bin:/usr/games:/usr/local/games:/snap/bin
pre-commit	Run ./.github/actions/build-setup-common	2026-03-19T12:18:30.8252099Z *** bazelisk
pre-commit	Run ./.github/actions/build-setup-common	2026-03-19T12:18:30.8264393Z /usr/local/bin/bazelisk
pre-commit	Run ./.github/actions/build-setup-common	2026-03-19T12:18:32.5532333Z 2026/03/19 12:18:32 Downloading https://releases.bazel.build/8.5.1/release/bazel-8.5.1-linux-x86_64...
pre-commit	Run ./.github/actions/build-setup-common	2026-03-19T12:18:33.0107282Z bazel 8.5.1
pre-commit	Run ./.github/actions/build-setup-common	2026-03-19T12:18:33.0232894Z *** run_bazel.py
pre-commit	Run ./.github/actions/build-setup-common	2026-03-19T12:18:33.1574676Z bazel 8.5.1
pre-commit	Run ./.github/actions/build-setup-common	2026-03-19T12:18:33.1705609Z *** python
pre-commit	Run ./.github/actions/build-setup-common	2026-03-19T12:18:33.1717387Z /opt/hostedtoolcache/Python/3.10.20/x64/bin/python
pre-commit	Run ./.github/actions/build-setup-common	2026-03-19T12:18:33.1734588Z Python 3.10.20
pre-commit	Run ./.github/actions/build-setup-common	2026-03-19T12:18:33.1737031Z *** clang
pre-commit	Run ./.github/actions/build-setup-common	2026-03-19T12:18:33.1748033Z /home/runner/llvm/bin/clang
pre-commit	Run ./.github/actions/build-setup-common	2026-03-19T12:18:33.1871264Z clang version 19.1.7 (/home/runner/work/llvm-project/llvm-project/clang cd708029e0b2869e80abe31ddb175f7c35361f90)
pre-commit	Run ./.github/actions/build-setup-common	2026-03-19T12:18:33.1871846Z Target: x86_64-unknown-linux-gnu
pre-commit	Run ./.github/actions/build-setup-common	2026-03-19T12:18:33.1872114Z Thread model: posix
pre-commit	Run ./.github/actions/build-setup-common	2026-03-19T12:18:33.1872345Z InstalledDir: /home/runner/llvm/bin
pre-commit	Run ./.github/actions/build-setup-common	2026-03-19T12:18:33.1893805Z *** clang++
pre-commit	Run ./.github/actions/build-setup-common	2026-03-19T12:18:33.1905051Z /home/runner/llvm/bin/clang++
pre-commit	Run ./.github/actions/build-setup-common	2026-03-19T12:18:33.2007995Z clang version 19.1.7 (/home/runner/work/llvm-project/llvm-project/clang cd708029e0b2869e80abe31ddb175f7c35361f90)
pre-commit	Run ./.github/actions/build-setup-common	2026-03-19T12:18:33.2009022Z Target: x86_64-unknown-linux-gnu
pre-commit	Run ./.github/actions/build-setup-common	2026-03-19T12:18:33.2009422Z Thread model: posix
pre-commit	Run ./.github/actions/build-setup-common	2026-03-19T12:18:33.2009762Z InstalledDir: /home/runner/llvm/bin
pre-commit	Run ./.github/actions/build-setup-common	2026-03-19T12:18:33.2030073Z *** clang-tidy
pre-commit	Run ./.github/actions/build-setup-common	2026-03-19T12:18:33.2041019Z /home/runner/llvm/bin/clang-tidy
pre-commit	Run ./.github/actions/build-setup-common	2026-03-19T12:18:33.2099847Z LLVM (http://llvm.org/):
pre-commit	Run ./.github/actions/build-setup-common	2026-03-19T12:18:33.2100154Z   LLVM version 19.1.7
pre-commit	Run ./.github/actions/build-setup-common	2026-03-19T12:18:33.2100395Z   Optimized build.
pre-commit	Run ./.github/actions/build-setup-common	2026-03-19T12:18:33.2136519Z ##[group]Run cat >user.bazelrc <<EOF
pre-commit	Run ./.github/actions/build-setup-common	2026-03-19T12:18:33.2136906Z [36;1mcat >user.bazelrc <<EOF[0m
pre-commit	Run ./.github/actions/build-setup-common	2026-03-19T12:18:33.2137272Z [36;1m# Disable the local disk cache as we use a remote cache and don't want[0m
pre-commit	Run ./.github/actions/build-setup-common	2026-03-19T12:18:33.2137779Z [36;1m# two copies of every output taking up disk space. The only way to[0m
pre-commit	Run ./.github/actions/build-setup-common	2026-03-19T12:18:33.2138193Z [36;1m# disable the disk cache is with an empty string:[0m
pre-commit	Run ./.github/actions/build-setup-common	2026-03-19T12:18:33.2138593Z [36;1m# https://github.com/bazelbuild/bazel/issues/5308[0m
pre-commit	Run ./.github/actions/build-setup-common	2026-03-19T12:18:33.2138953Z [36;1mbuild --disk_cache=[0m
pre-commit	Run ./.github/actions/build-setup-common	2026-03-19T12:18:33.2139194Z [36;1m[0m
pre-commit	Run ./.github/actions/build-setup-common	2026-03-19T12:18:33.2139464Z [36;1m# Enable remote cache for our CI but minimize downloads.[0m
pre-commit	Run ./.github/actions/build-setup-common	2026-03-19T12:18:33.2140005Z [36;1mbuild --remote_cache=https://storage.googleapis.com/carbon-builds-github-v${CACHE_VERSION}[0m
pre-commit	Run ./.github/actions/build-setup-common	2026-03-19T12:18:33.2140511Z [36;1mbuild --remote_download_outputs=minimal[0m
pre-commit	Run ./.github/actions/build-setup-common	2026-03-19T12:18:33.2140798Z [36;1m[0m
pre-commit	Run ./.github/actions/build-setup-common	2026-03-19T12:18:33.2141100Z [36;1m# We import a special key into every action in order to key the Bazel[0m
pre-commit	Run ./.github/actions/build-setup-common	2026-03-19T12:18:33.2141580Z [36;1m# remote cache in a way that avoids collisions between different[0m
pre-commit	Run ./.github/actions/build-setup-common	2026-03-19T12:18:33.2142039Z [36;1m# runners. Anything that might change the system external to Bazel but[0m
pre-commit	Run ./.github/actions/build-setup-common	2026-03-19T12:18:33.2142515Z [36;1m# not be fully captured by the sand-boxing of the build should be used[0m
pre-commit	Run ./.github/actions/build-setup-common	2026-03-19T12:18:33.2142976Z [36;1m# as part of the key. We don't need to use the CPU target for example,[0m
pre-commit	Run ./.github/actions/build-setup-common	2026-03-19T12:18:33.2143432Z [36;1m# as that is captured by Bazel's configuration of each action. And the[0m
pre-commit	Run ./.github/actions/build-setup-common	2026-03-19T12:18:33.2143890Z [36;1m# Clang version is incorporated by our Clang toolchain setup. But we[0m
pre-commit	Run ./.github/actions/build-setup-common	2026-03-19T12:18:33.2144343Z [36;1m# do need to capture any differences between GitHub runner OSes that[0m
pre-commit	Run ./.github/actions/build-setup-common	2026-03-19T12:18:33.2144791Z [36;1m# don't impact the Bazel configuration to avoid collisions between[0m
pre-commit	Run ./.github/actions/build-setup-common	2026-03-19T12:18:33.2145171Z [36;1m# those.[0m
pre-commit	Run ./.github/actions/build-setup-common	2026-03-19T12:18:33.2145500Z [36;1mbuild --action_env=BAZEL_REMOTE_CACHE_KEY=github-action-ubuntu-22.04[0m
pre-commit	Run ./.github/actions/build-setup-common	2026-03-19T12:18:33.2145890Z [36;1m[0m
pre-commit	Run ./.github/actions/build-setup-common	2026-03-19T12:18:33.2146127Z [36;1mbuild --remote_upload_local_results=false[0m
pre-commit	Run ./.github/actions/build-setup-common	2026-03-19T12:18:33.2146595Z [36;1m[0m
pre-commit	Run ./.github/actions/build-setup-common	2026-03-19T12:18:33.2146882Z [36;1m# Set an artificially high jobs count. This flag controls the number[0m
pre-commit	Run ./.github/actions/build-setup-common	2026-03-19T12:18:33.2147349Z [36;1m# of concurrency Bazel itself uses, which is essential for actions[0m
pre-commit	Run ./.github/actions/build-setup-common	2026-03-19T12:18:33.2148053Z [36;1m# that are internally blocked on for example downloading results form[0m
pre-commit	Run ./.github/actions/build-setup-common	2026-03-19T12:18:33.2148561Z [36;1m# the cache above. Without setting this high, Bazel will pick a small[0m
pre-commit	Run ./.github/actions/build-setup-common	2026-03-19T12:18:33.2149166Z [36;1m# number based on the available host CPUs and the reality will be a[0m
pre-commit	Run ./.github/actions/build-setup-common	2026-03-19T12:18:33.2149696Z [36;1m# long chain of largely serialized download events with little or no[0m
pre-commit	Run ./.github/actions/build-setup-common	2026-03-19T12:18:33.2150136Z [36;1m# usage of the host machine. Fortunately, local actions are[0m
pre-commit	Run ./.github/actions/build-setup-common	2026-03-19T12:18:33.2150557Z [36;1m# *separately* gated on '--local_*_resources' that will avoid a large[0m
pre-commit	Run ./.github/actions/build-setup-common	2026-03-19T12:18:33.2151169Z [36;1m# jobs value overwhelming the host. There is a bug to make downloads[0m
pre-commit	Run ./.github/actions/build-setup-common	2026-03-19T12:18:33.2151629Z [36;1m# behave completely asynchronously and remove the need for this filed[0m
pre-commit	Run ./.github/actions/build-setup-common	2026-03-19T12:18:33.2152037Z [36;1m# back in 2018 but work seemed to not finish:[0m
pre-commit	Run ./.github/actions/build-setup-common	2026-03-19T12:18:33.2152398Z [36;1m# https://github.com/bazelbuild/bazel/issues/6394[0m
pre-commit	Run ./.github/actions/build-setup-common	2026-03-19T12:18:33.2152721Z [36;1m#[0m
pre-commit	Run ./.github/actions/build-setup-common	2026-03-19T12:18:33.2153030Z [36;1m# There is a new effort (yay!) but until then it seems worth using the[0m
pre-commit	Run ./.github/actions/build-setup-common	2026-03-19T12:18:33.2153486Z [36;1m# workaround of a high jobs value. The biggest downside (increased[0m
pre-commit	Run ./.github/actions/build-setup-common	2026-03-19T12:18:33.2153932Z [36;1m# heap usage) seems like it isn't currently a big loss for our builds.[0m
pre-commit	Run ./.github/actions/build-setup-common	2026-03-19T12:18:33.2154276Z [36;1m#[0m
pre-commit	Run ./.github/actions/build-setup-common	2026-03-19T12:18:33.2154558Z [36;1m# Higher values like 50 have led to CI failures with network errors[0m
pre-commit	Run ./.github/actions/build-setup-common	2026-03-19T12:18:33.2154918Z [36;1m# and IOExceptions, see[0m
pre-commit	Run ./.github/actions/build-setup-common	2026-03-19T12:18:33.2155342Z [36;1m# https://discord.com/channels/655572317891461132/707150492370862090/1151605725576056934[0m
pre-commit	Run ./.github/actions/build-setup-common	2026-03-19T12:18:33.2155779Z [36;1mbuild --jobs=32[0m
pre-commit	Run ./.github/actions/build-setup-common	2026-03-19T12:18:33.2156003Z [36;1m[0m
pre-commit	Run ./.github/actions/build-setup-common	2026-03-19T12:18:33.2156431Z [36;1m# Avoid any cache impact from build stamping in CI.[0m
pre-commit	Run ./.github/actions/build-setup-common	2026-03-19T12:18:33.2171787Z [36;1mbuild --nostamp[0m
pre-commit	Run ./.github/actions/build-setup-common	2026-03-19T12:18:33.2172168Z [36;1m[0m
pre-commit	Run ./.github/actions/build-setup-common	2026-03-19T12:18:33.2172454Z [36;1m# General build options.[0m
pre-commit	Run ./.github/actions/build-setup-common	2026-03-19T12:18:33.2172834Z [36;1mbuild --verbose_failures[0m
pre-commit	Run ./.github/actions/build-setup-common	2026-03-19T12:18:33.2173079Z [36;1mtest --test_output=errors[0m
pre-commit	Run ./.github/actions/build-setup-common	2026-03-19T12:18:33.2173319Z [36;1mEOF[0m
pre-commit	Run ./.github/actions/build-setup-common	2026-03-19T12:18:33.2173531Z [36;1m./scripts/run_bazel.py info[0m
pre-commit	Run ./.github/actions/build-setup-common	2026-03-19T12:18:33.2213339Z shell: /usr/bin/bash --noprofile --norc -e -o pipefail {0}
pre-commit	Run ./.github/actions/build-setup-common	2026-03-19T12:18:33.2213681Z env:
pre-commit	Run ./.github/actions/build-setup-common	2026-03-19T12:18:33.2213942Z   pythonLocation: /opt/hostedtoolcache/Python/3.10.20/x64
pre-commit	Run ./.github/actions/build-setup-common	2026-03-19T12:18:33.2214368Z   PKG_CONFIG_PATH: /opt/hostedtoolcache/Python/3.10.20/x64/lib/pkgconfig
pre-commit	Run ./.github/actions/build-setup-common	2026-03-19T12:18:33.2214787Z   Python_ROOT_DIR: /opt/hostedtoolcache/Python/3.10.20/x64
pre-commit	Run ./.github/actions/build-setup-common	2026-03-19T12:18:33.2215165Z   Python2_ROOT_DIR: /opt/hostedtoolcache/Python/3.10.20/x64
pre-commit	Run ./.github/actions/build-setup-common	2026-03-19T12:18:33.2215540Z   Python3_ROOT_DIR: /opt/hostedtoolcache/Python/3.10.20/x64
pre-commit	Run ./.github/actions/build-setup-common	2026-03-19T12:18:33.2215904Z   LD_LIBRARY_PATH: /opt/hostedtoolcache/Python/3.10.20/x64/lib
pre-commit	Run ./.github/actions/build-setup-common	2026-03-19T12:18:33.2216434Z   CACHE_VERSION: 1
pre-commit	Run ./.github/actions/build-setup-common	2026-03-19T12:18:33.2216663Z ##[endgroup]
pre-commit	Run ./.github/actions/build-setup-common	2026-03-19T12:18:33.3213853Z Extracting Bazel installation...
pre-commit	Run ./.github/actions/build-setup-common	2026-03-19T12:18:34.3656732Z Starting local Bazel server (8.5.1) and connecting to it...
pre-commit	Run ./.github/actions/build-setup-common	2026-03-19T12:18:36.0612506Z INFO: Invocation ID: f7db4ea7-0b74-4bdb-aea0-49297ce01d56
pre-commit	Run ./.github/actions/build-setup-common	2026-03-19T12:19:49.0107585Z bazel-bin: /home/runner/.cache/bazel/_bazel_runner/8f839eaeb716f9d034eabdfa7ebecdb0/execroot/_main/bazel-out/k8-fastbuild/bin
pre-commit	Run ./.github/actions/build-setup-common	2026-03-19T12:19:49.0108970Z bazel-genfiles: /home/runner/.cache/bazel/_bazel_runner/8f839eaeb716f9d034eabdfa7ebecdb0/execroot/_main/bazel-out/k8-fastbuild/bin
pre-commit	Run ./.github/actions/build-setup-common	2026-03-19T12:19:49.0110253Z bazel-testlogs: /home/runner/.cache/bazel/_bazel_runner/8f839eaeb716f9d034eabdfa7ebecdb0/execroot/_main/bazel-out/k8-fastbuild/testlogs
pre-commit	Run ./.github/actions/build-setup-common	2026-03-19T12:19:49.0111465Z character-encoding: file.encoding = ISO-8859-1, defaultCharset = ISO-8859-1, sun.jnu.encoding = UTF-8
pre-commit	Run ./.github/actions/build-setup-common	2026-03-19T12:19:49.0121754Z command_log: /home/runner/.cache/bazel/_bazel_runner/8f839eaeb716f9d034eabdfa7ebecdb0/command.log
pre-commit	Run ./.github/actions/build-setup-common	2026-03-19T12:19:49.0123543Z committed-heap-size: 157MB
pre-commit	Run ./.github/actions/build-setup-common	2026-03-19T12:19:49.0125673Z execution_root: /home/runner/.cache/bazel/_bazel_runner/8f839eaeb716f9d034eabdfa7ebecdb0/execroot/_main
pre-commit	Run ./.github/actions/build-setup-common	2026-03-19T12:19:49.0131643Z gc-count: 14
pre-commit	Run ./.github/actions/build-setup-common	2026-03-19T12:19:49.0132073Z gc-time: 52ms
pre-commit	Run ./.github/actions/build-setup-common	2026-03-19T12:19:49.0132701Z install_base: /home/runner/.cache/bazel/_bazel_runner/install/b8a069f8b7ab718c13dbfa7ea3667622
pre-commit	Run ./.github/actions/build-setup-common	2026-03-19T12:19:49.0133803Z java-home: /home/runner/.cache/bazel/_bazel_runner/install/b8a069f8b7ab718c13dbfa7ea3667622/embedded_tools/jdk
pre-commit	Run ./.github/actions/build-setup-common	2026-03-19T12:19:49.0134813Z java-runtime: OpenJDK Runtime Environment (build 24+36) by Azul Systems, Inc.
pre-commit	Run ./.github/actions/build-setup-common	2026-03-19T12:19:49.0136004Z java-vm: OpenJDK 64-Bit Server VM (build 24+36, mixed mode) by Azul Systems, Inc.
pre-commit	Run ./.github/actions/build-setup-common	2026-03-19T12:19:49.0136837Z local_resources: RAM=15991MB, CPU=4.0
pre-commit	Run ./.github/actions/build-setup-common	2026-03-19T12:19:49.0137259Z max-heap-size: 4192MB
pre-commit	Run ./.github/actions/build-setup-common	2026-03-19T12:19:49.0137829Z output_base: /home/runner/.cache/bazel/_bazel_runner/8f839eaeb716f9d034eabdfa7ebecdb0
pre-commit	Run ./.github/actions/build-setup-common	2026-03-19T12:19:49.0138879Z output_path: /home/runner/.cache/bazel/_bazel_runner/8f839eaeb716f9d034eabdfa7ebecdb0/execroot/_main/bazel-out
pre-commit	Run ./.github/actions/build-setup-common	2026-03-19T12:19:49.0139685Z package_path: %workspace%
pre-commit	Run ./.github/actions/build-setup-common	2026-03-19T12:19:49.0140053Z release: release 8.5.1
pre-commit	Run ./.github/actions/build-setup-common	2026-03-19T12:19:49.0140584Z repository_cache: /home/runner/.cache/bazel/_bazel_runner/cache/repos/v1
pre-commit	Run ./.github/actions/build-setup-common	2026-03-19T12:19:49.0141808Z server_log: /home/runner/.cache/bazel/_bazel_runner/8f839eaeb716f9d034eabdfa7ebecdb0/java.log.runnervm9l3uf.runner.log.java.20260319-121834.2787
pre-commit	Run ./.github/actions/build-setup-common	2026-03-19T12:19:49.0142837Z server_pid: 2787
pre-commit	Run ./.github/actions/build-setup-common	2026-03-19T12:19:49.0143150Z used-heap-size: 54MB
pre-commit	Run ./.github/actions/build-setup-common	2026-03-19T12:19:49.0143555Z workspace: /home/runner/work/carbon-lang/carbon-lang
pre-commit	Run ./.github/actions/build-setup-common	2026-03-19T12:19:49.0899115Z ##[group]Run # GitHub sometimes has a high failure rate for Bazel's downloads (even
pre-commit	Run ./.github/actions/build-setup-common	2026-03-19T12:19:49.0900000Z [36;1m# GitHub sometimes has a high failure rate for Bazel's downloads (even[0m
pre-commit	Run ./.github/actions/build-setup-common	2026-03-19T12:19:49.0900762Z [36;1m# from GitHub URLs). Bazel exits with `1` on HTTP errors, which is hard[0m
pre-commit	Run ./.github/actions/build-setup-common	2026-03-19T12:19:49.0901445Z [36;1m# to distinguish from a normal, permanent error.[0m
pre-commit	Run ./.github/actions/build-setup-common	2026-03-19T12:19:49.0901905Z [36;1m#[0m
pre-commit	Run ./.github/actions/build-setup-common	2026-03-19T12:19:49.0902377Z [36;1m# This workaround runs fast commands that should always pass (although[0m
pre-commit	Run ./.github/actions/build-setup-common	2026-03-19T12:19:49.0903144Z [36;1m# they may be broken by an invalid PR). All errors are retried. The hope[0m
pre-commit	Run ./.github/actions/build-setup-common	2026-03-19T12:19:49.0903906Z [36;1m# is that this caches necessary downloads, allowing later commands to[0m
pre-commit	Run ./.github/actions/build-setup-common	2026-03-19T12:19:49.0904662Z [36;1m# more reliably succeed without retrying "permanent" errors.[0m
pre-commit	Run ./.github/actions/build-setup-common	2026-03-19T12:19:49.0905192Z [36;1m#[0m
pre-commit	Run ./.github/actions/build-setup-common	2026-03-19T12:19:49.0905620Z [36;1m# Disable lockfile updates, because some actions want to see[0m
pre-commit	Run ./.github/actions/build-setup-common	2026-03-19T12:19:49.0906345Z [36;1m# differences.[0m
pre-commit	Run ./.github/actions/build-setup-common	2026-03-19T12:19:49.0906822Z [36;1m./scripts/run_bazel.py --attempts=5 --retry-all-errors \[0m
pre-commit	Run ./.github/actions/build-setup-common	2026-03-19T12:19:49.0907374Z [36;1m  mod --lockfile_mode=off deps[0m
pre-commit	Run ./.github/actions/build-setup-common	2026-03-19T12:19:49.0907936Z [36;1m./scripts/run_bazel.py --attempts=5 --retry-all-errors \[0m
pre-commit	Run ./.github/actions/build-setup-common	2026-03-19T12:19:49.0908556Z [36;1m  cquery --lockfile_mode=off //... | wc -l[0m
pre-commit	Run ./.github/actions/build-setup-common	2026-03-19T12:19:49.0962901Z shell: /usr/bin/bash --noprofile --norc -e -o pipefail {0}
pre-commit	Run ./.github/actions/build-setup-common	2026-03-19T12:19:49.0963417Z env:
pre-commit	Run ./.github/actions/build-setup-common	2026-03-19T12:19:49.0963822Z   pythonLocation: /opt/hostedtoolcache/Python/3.10.20/x64
pre-commit	Run ./.github/actions/build-setup-common	2026-03-19T12:19:49.0964483Z   PKG_CONFIG_PATH: /opt/hostedtoolcache/Python/3.10.20/x64/lib/pkgconfig
pre-commit	Run ./.github/actions/build-setup-common	2026-03-19T12:19:49.0965148Z   Python_ROOT_DIR: /opt/hostedtoolcache/Python/3.10.20/x64
pre-commit	Run ./.github/actions/build-setup-common	2026-03-19T12:19:49.0965750Z   Python2_ROOT_DIR: /opt/hostedtoolcache/Python/3.10.20/x64
pre-commit	Run ./.github/actions/build-setup-common	2026-03-19T12:19:49.0966689Z   Python3_ROOT_DIR: /opt/hostedtoolcache/Python/3.10.20/x64
pre-commit	Run ./.github/actions/build-setup-common	2026-03-19T12:19:49.0967310Z   LD_LIBRARY_PATH: /opt/hostedtoolcache/Python/3.10.20/x64/lib
pre-commit	Run ./.github/actions/build-setup-common	2026-03-19T12:19:49.0967801Z ##[endgroup]
pre-commit	Run ./.github/actions/build-setup-common	2026-03-19T12:19:49.2368635Z INFO: Invocation ID: 24b3666b-d227-41b4-a475-7eb4f2f30f53
pre-commit	Run ./.github/actions/build-setup-common	2026-03-19T12:19:49.6153435Z  no actions running
pre-commit	Run ./.github/actions/build-setup-common	2026-03-19T12:19:50.6267748Z  no actions running
pre-commit	Run ./.github/actions/build-setup-common	2026-03-19T12:19:51.6212816Z  no actions running
pre-commit	Run ./.github/actions/build-setup-common	2026-03-19T12:19:52.5429838Z <root> (carbon@_)
pre-commit	Run ./.github/actions/build-setup-common	2026-03-19T12:19:52.5430765Z 
pre-commit	Run ./.github/actions/build-setup-common	2026-03-19T12:19:52.7211394Z INFO: Invocation ID: 486b4260-b908-4423-9a84-daf459d55641
pre-commit	Run ./.github/actions/build-setup-common	2026-03-19T12:19:52.8285184Z Computing main repo mapping: 
pre-commit	Run ./.github/actions/build-setup-common	2026-03-19T12:19:53.1853895Z Loading: 
pre-commit	Run ./.github/actions/build-setup-common	2026-03-19T12:19:53.1861466Z Loading: 2 packages loaded
pre-commit	Run ./.github/actions/build-setup-common	2026-03-19T12:19:54.0406966Z Analyzing: 483 targets (37 packages loaded, 0 targets configured)
pre-commit	Run ./.github/actions/build-setup-common	2026-03-19T12:19:55.0612793Z Analyzing: 483 targets (76 packages loaded, 3373 targets configured)
pre-commit	Run ./.github/actions/build-setup-common	2026-03-19T12:19:56.0813667Z Analyzing: 483 targets (150 packages loaded, 3929 targets configured)
pre-commit	Run ./.github/actions/build-setup-common	2026-03-19T12:19:57.4849801Z Analyzing: 483 targets (171 packages loaded, 6641 targets configured)
pre-commit	Run ./.github/actions/build-setup-common	2026-03-19T12:19:58.5092960Z Analyzing: 483 targets (186 packages loaded, 17043 targets configured)
pre-commit	Run ./.github/actions/build-setup-common	2026-03-19T12:19:59.5187147Z Analyzing: 483 targets (203 packages loaded, 18268 targets configured)
pre-commit	Run ./.github/actions/build-setup-common	2026-03-19T12:20:00.6244451Z Analyzing: 483 targets (229 packages loaded, 19503 targets configured)
pre-commit	Run ./.github/actions/build-setup-common	2026-03-19T12:20:01.8408797Z Analyzing: 483 targets (233 packages loaded, 22119 targets configured)
pre-commit	Run ./.github/actions/build-setup-common	2026-03-19T12:20:02.6682172Z INFO: Analyzed 483 targets (233 packages loaded, 22177 targets configured).
pre-commit	Run ./.github/actions/build-setup-common	2026-03-19T12:20:02.6732959Z INFO: Found 483 targets...
pre-commit	Run ./.github/actions/build-setup-common	2026-03-19T12:20:02.8434815Z  no actions running
pre-commit	Run ./.github/actions/build-setup-common	2026-03-19T12:20:02.8787231Z INFO: Elapsed time: 10.199s, Critical Path: 0.00s
pre-commit	Run ./.github/actions/build-setup-common	2026-03-19T12:20:02.8787867Z INFO: 0 processes.
pre-commit	Run ./.github/actions/build-setup-common	2026-03-19T12:20:02.8788280Z INFO: Build completed successfully, 0 total actions
pre-commit	Run ./.github/actions/build-setup-common	2026-03-19T12:20:02.9099583Z 507
pre-commit	Run pre-commit/action@2c7b3805fd2a0fd8c1884dcaebf91fc102a13ecd	﻿2026-03-19T12:20:02.9190125Z ##[group]Run pre-commit/action@2c7b3805fd2a0fd8c1884dcaebf91fc102a13ecd
pre-commit	Run pre-commit/action@2c7b3805fd2a0fd8c1884dcaebf91fc102a13ecd	2026-03-19T12:20:02.9190725Z with:
pre-commit	Run pre-commit/action@2c7b3805fd2a0fd8c1884dcaebf91fc102a13ecd	2026-03-19T12:20:02.9191015Z   extra_args: --all-files
pre-commit	Run pre-commit/action@2c7b3805fd2a0fd8c1884dcaebf91fc102a13ecd	2026-03-19T12:20:02.9191399Z env:
pre-commit	Run pre-commit/action@2c7b3805fd2a0fd8c1884dcaebf91fc102a13ecd	2026-03-19T12:20:02.9191659Z   pythonLocation: /opt/hostedtoolcache/Python/3.10.20/x64
pre-commit	Run pre-commit/action@2c7b3805fd2a0fd8c1884dcaebf91fc102a13ecd	2026-03-19T12:20:02.9192083Z   PKG_CONFIG_PATH: /opt/hostedtoolcache/Python/3.10.20/x64/lib/pkgconfig
pre-commit	Run pre-commit/action@2c7b3805fd2a0fd8c1884dcaebf91fc102a13ecd	2026-03-19T12:20:02.9192499Z   Python_ROOT_DIR: /opt/hostedtoolcache/Python/3.10.20/x64
pre-commit	Run pre-commit/action@2c7b3805fd2a0fd8c1884dcaebf91fc102a13ecd	2026-03-19T12:20:02.9192892Z   Python2_ROOT_DIR: /opt/hostedtoolcache/Python/3.10.20/x64
pre-commit	Run pre-commit/action@2c7b3805fd2a0fd8c1884dcaebf91fc102a13ecd	2026-03-19T12:20:02.9193256Z   Python3_ROOT_DIR: /opt/hostedtoolcache/Python/3.10.20/x64
pre-commit	Run pre-commit/action@2c7b3805fd2a0fd8c1884dcaebf91fc102a13ecd	2026-03-19T12:20:02.9193622Z   LD_LIBRARY_PATH: /opt/hostedtoolcache/Python/3.10.20/x64/lib
pre-commit	Run pre-commit/action@2c7b3805fd2a0fd8c1884dcaebf91fc102a13ecd	2026-03-19T12:20:02.9193940Z ##[endgroup]
pre-commit	Run pre-commit/action@2c7b3805fd2a0fd8c1884dcaebf91fc102a13ecd	2026-03-19T12:20:02.9210196Z ##[group]Run python -m pip install pre-commit
pre-commit	Run pre-commit/action@2c7b3805fd2a0fd8c1884dcaebf91fc102a13ecd	2026-03-19T12:20:02.9210559Z [36;1mpython -m pip install pre-commit[0m
pre-commit	Run pre-commit/action@2c7b3805fd2a0fd8c1884dcaebf91fc102a13ecd	2026-03-19T12:20:02.9250983Z shell: /usr/bin/bash --noprofile --norc -e -o pipefail {0}
pre-commit	Run pre-commit/action@2c7b3805fd2a0fd8c1884dcaebf91fc102a13ecd	2026-03-19T12:20:02.9251351Z env:
pre-commit	Run pre-commit/action@2c7b3805fd2a0fd8c1884dcaebf91fc102a13ecd	2026-03-19T12:20:02.9251619Z   pythonLocation: /opt/hostedtoolcache/Python/3.10.20/x64
pre-commit	Run pre-commit/action@2c7b3805fd2a0fd8c1884dcaebf91fc102a13ecd	2026-03-19T12:20:02.9252031Z   PKG_CONFIG_PATH: /opt/hostedtoolcache/Python/3.10.20/x64/lib/pkgconfig
pre-commit	Run pre-commit/action@2c7b3805fd2a0fd8c1884dcaebf91fc102a13ecd	2026-03-19T12:20:02.9252434Z   Python_ROOT_DIR: /opt/hostedtoolcache/Python/3.10.20/x64
pre-commit	Run pre-commit/action@2c7b3805fd2a0fd8c1884dcaebf91fc102a13ecd	2026-03-19T12:20:02.9252795Z   Python2_ROOT_DIR: /opt/hostedtoolcache/Python/3.10.20/x64
pre-commit	Run pre-commit/action@2c7b3805fd2a0fd8c1884dcaebf91fc102a13ecd	2026-03-19T12:20:02.9253156Z   Python3_ROOT_DIR: /opt/hostedtoolcache/Python/3.10.20/x64
pre-commit	Run pre-commit/action@2c7b3805fd2a0fd8c1884dcaebf91fc102a13ecd	2026-03-19T12:20:02.9253537Z   LD_LIBRARY_PATH: /opt/hostedtoolcache/Python/3.10.20/x64/lib
pre-commit	Run pre-commit/action@2c7b3805fd2a0fd8c1884dcaebf91fc102a13ecd	2026-03-19T12:20:02.9253843Z ##[endgroup]
pre-commit	Run pre-commit/action@2c7b3805fd2a0fd8c1884dcaebf91fc102a13ecd	2026-03-19T12:20:03.6081871Z Collecting pre-commit
pre-commit	Run pre-commit/action@2c7b3805fd2a0fd8c1884dcaebf91fc102a13ecd	2026-03-19T12:20:03.6498379Z   Downloading pre_commit-4.5.1-py2.py3-none-any.whl.metadata (1.2 kB)
pre-commit	Run pre-commit/action@2c7b3805fd2a0fd8c1884dcaebf91fc102a13ecd	2026-03-19T12:20:03.6618474Z Collecting cfgv>=2.0.0 (from pre-commit)
pre-commit	Run pre-commit/action@2c7b3805fd2a0fd8c1884dcaebf91fc102a13ecd	2026-03-19T12:20:03.6655325Z   Downloading cfgv-3.5.0-py2.py3-none-any.whl.metadata (8.9 kB)
pre-commit	Run pre-commit/action@2c7b3805fd2a0fd8c1884dcaebf91fc102a13ecd	2026-03-19T12:20:03.7151955Z Collecting identify>=1.0.0 (from pre-commit)
pre-commit	Run pre-commit/action@2c7b3805fd2a0fd8c1884dcaebf91fc102a13ecd	2026-03-19T12:20:03.7193772Z   Downloading identify-2.6.18-py2.py3-none-any.whl.metadata (4.4 kB)
pre-commit	Run pre-commit/action@2c7b3805fd2a0fd8c1884dcaebf91fc102a13ecd	2026-03-19T12:20:03.7352470Z Collecting nodeenv>=0.11.1 (from pre-commit)
pre-commit	Run pre-commit/action@2c7b3805fd2a0fd8c1884dcaebf91fc102a13ecd	2026-03-19T12:20:03.7394051Z   Downloading nodeenv-1.10.0-py2.py3-none-any.whl.metadata (24 kB)
pre-commit	Run pre-commit/action@2c7b3805fd2a0fd8c1884dcaebf91fc102a13ecd	2026-03-19T12:20:03.7782788Z Collecting pyyaml>=5.1 (from pre-commit)
pre-commit	Run pre-commit/action@2c7b3805fd2a0fd8c1884dcaebf91fc102a13ecd	2026-03-19T12:20:03.7823858Z   Downloading pyyaml-6.0.3-cp310-cp310-manylinux2014_x86_64.manylinux_2_17_x86_64.manylinux_2_28_x86_64.whl.metadata (2.4 kB)
pre-commit	Run pre-commit/action@2c7b3805fd2a0fd8c1884dcaebf91fc102a13ecd	2026-03-19T12:20:03.8197996Z Collecting virtualenv>=20.10.0 (from pre-commit)
pre-commit	Run pre-commit/action@2c7b3805fd2a0fd8c1884dcaebf91fc102a13ecd	2026-03-19T12:20:03.8235496Z   Downloading virtualenv-21.2.0-py3-none-any.whl.metadata (3.5 kB)
pre-commit	Run pre-commit/action@2c7b3805fd2a0fd8c1884dcaebf91fc102a13ecd	2026-03-19T12:20:03.8365795Z Collecting distlib<1,>=0.3.7 (from virtualenv>=20.10.0->pre-commit)
pre-commit	Run pre-commit/action@2c7b3805fd2a0fd8c1884dcaebf91fc102a13ecd	2026-03-19T12:20:03.8412227Z   Downloading distlib-0.4.0-py2.py3-none-any.whl.metadata (5.2 kB)
pre-commit	Run pre-commit/action@2c7b3805fd2a0fd8c1884dcaebf91fc102a13ecd	2026-03-19T12:20:03.8607575Z Collecting filelock<4,>=3.24.2 (from virtualenv>=20.10.0->pre-commit)
pre-commit	Run pre-commit/action@2c7b3805fd2a0fd8c1884dcaebf91fc102a13ecd	2026-03-19T12:20:03.8644274Z   Downloading filelock-3.25.2-py3-none-any.whl.metadata (2.0 kB)
pre-commit	Run pre-commit/action@2c7b3805fd2a0fd8c1884dcaebf91fc102a13ecd	2026-03-19T12:20:03.8808985Z Collecting platformdirs<5,>=3.9.1 (from virtualenv>=20.10.0->pre-commit)
pre-commit	Run pre-commit/action@2c7b3805fd2a0fd8c1884dcaebf91fc102a13ecd	2026-03-19T12:20:03.8855491Z   Downloading platformdirs-4.9.4-py3-none-any.whl.metadata (4.7 kB)
pre-commit	Run pre-commit/action@2c7b3805fd2a0fd8c1884dcaebf91fc102a13ecd	2026-03-19T12:20:03.8947660Z Collecting python-discovery>=1 (from virtualenv>=20.10.0->pre-commit)
pre-commit	Run pre-commit/action@2c7b3805fd2a0fd8c1884dcaebf91fc102a13ecd	2026-03-19T12:20:03.8987855Z   Downloading python_discovery-1.2.0-py3-none-any.whl.metadata (5.4 kB)
pre-commit	Run pre-commit/action@2c7b3805fd2a0fd8c1884dcaebf91fc102a13ecd	2026-03-19T12:20:03.9151954Z Collecting typing-extensions>=4.13.2 (from virtualenv>=20.10.0->pre-commit)
pre-commit	Run pre-commit/action@2c7b3805fd2a0fd8c1884dcaebf91fc102a13ecd	2026-03-19T12:20:03.9187265Z   Downloading typing_extensions-4.15.0-py3-none-any.whl.metadata (3.3 kB)
pre-commit	Run pre-commit/action@2c7b3805fd2a0fd8c1884dcaebf91fc102a13ecd	2026-03-19T12:20:03.9392649Z Downloading pre_commit-4.5.1-py2.py3-none-any.whl (226 kB)
pre-commit	Run pre-commit/action@2c7b3805fd2a0fd8c1884dcaebf91fc102a13ecd	2026-03-19T12:20:03.9504597Z Downloading cfgv-3.5.0-py2.py3-none-any.whl (7.4 kB)
pre-commit	Run pre-commit/action@2c7b3805fd2a0fd8c1884dcaebf91fc102a13ecd	2026-03-19T12:20:03.9566944Z Downloading identify-2.6.18-py2.py3-none-any.whl (99 kB)
pre-commit	Run pre-commit/action@2c7b3805fd2a0fd8c1884dcaebf91fc102a13ecd	2026-03-19T12:20:03.9628648Z Downloading nodeenv-1.10.0-py2.py3-none-any.whl (23 kB)
pre-commit	Run pre-commit/action@2c7b3805fd2a0fd8c1884dcaebf91fc102a13ecd	2026-03-19T12:20:03.9684177Z Downloading pyyaml-6.0.3-cp310-cp310-manylinux2014_x86_64.manylinux_2_17_x86_64.manylinux_2_28_x86_64.whl (770 kB)
pre-commit	Run pre-commit/action@2c7b3805fd2a0fd8c1884dcaebf91fc102a13ecd	2026-03-19T12:20:03.9767061Z    ━━━━━━━━━━━━━━━━━━━━━━━━━━━━━━━━━━━━━━━━ 770.3/770.3 kB 102.0 MB/s  0:00:00
pre-commit	Run pre-commit/action@2c7b3805fd2a0fd8c1884dcaebf91fc102a13ecd	2026-03-19T12:20:03.9823084Z Downloading virtualenv-21.2.0-py3-none-any.whl (5.8 MB)
pre-commit	Run pre-commit/action@2c7b3805fd2a0fd8c1884dcaebf91fc102a13ecd	2026-03-19T12:20:04.0112485Z    ━━━━━━━━━━━━━━━━━━━━━━━━━━━━━━━━━━━━━━━━ 5.8/5.8 MB 223.8 MB/s  0:00:00
pre-commit	Run pre-commit/action@2c7b3805fd2a0fd8c1884dcaebf91fc102a13ecd	2026-03-19T12:20:04.0151738Z Downloading distlib-0.4.0-py2.py3-none-any.whl (469 kB)
pre-commit	Run pre-commit/action@2c7b3805fd2a0fd8c1884dcaebf91fc102a13ecd	2026-03-19T12:20:04.0222898Z Downloading filelock-3.25.2-py3-none-any.whl (26 kB)
pre-commit	Run pre-commit/action@2c7b3805fd2a0fd8c1884dcaebf91fc102a13ecd	2026-03-19T12:20:04.0273731Z Downloading platformdirs-4.9.4-py3-none-any.whl (21 kB)
pre-commit	Run pre-commit/action@2c7b3805fd2a0fd8c1884dcaebf91fc102a13ecd	2026-03-19T12:20:04.0335359Z Downloading python_discovery-1.2.0-py3-none-any.whl (31 kB)
pre-commit	Run pre-commit/action@2c7b3805fd2a0fd8c1884dcaebf91fc102a13ecd	2026-03-19T12:20:04.0387797Z Downloading typing_extensions-4.15.0-py3-none-any.whl (44 kB)
pre-commit	Run pre-commit/action@2c7b3805fd2a0fd8c1884dcaebf91fc102a13ecd	2026-03-19T12:20:04.0791221Z Installing collected packages: distlib, typing-extensions, pyyaml, platformdirs, nodeenv, identify, filelock, cfgv, python-discovery, virtualenv, pre-commit
pre-commit	Run pre-commit/action@2c7b3805fd2a0fd8c1884dcaebf91fc102a13ecd	2026-03-19T12:20:04.5202403Z 
pre-commit	Run pre-commit/action@2c7b3805fd2a0fd8c1884dcaebf91fc102a13ecd	2026-03-19T12:20:04.5225906Z Successfully installed cfgv-3.5.0 distlib-0.4.0 filelock-3.25.2 identify-2.6.18 nodeenv-1.10.0 platformdirs-4.9.4 pre-commit-4.5.1 python-discovery-1.2.0 pyyaml-6.0.3 typing-extensions-4.15.0 virtualenv-21.2.0
pre-commit	Run pre-commit/action@2c7b3805fd2a0fd8c1884dcaebf91fc102a13ecd	2026-03-19T12:20:04.6512105Z ##[group]Run python -m pip freeze --local
pre-commit	Run pre-commit/action@2c7b3805fd2a0fd8c1884dcaebf91fc102a13ecd	2026-03-19T12:20:04.6512636Z [36;1mpython -m pip freeze --local[0m
pre-commit	Run pre-commit/action@2c7b3805fd2a0fd8c1884dcaebf91fc102a13ecd	2026-03-19T12:20:04.6576523Z shell: /usr/bin/bash --noprofile --norc -e -o pipefail {0}
pre-commit	Run pre-commit/action@2c7b3805fd2a0fd8c1884dcaebf91fc102a13ecd	2026-03-19T12:20:04.6576894Z env:
pre-commit	Run pre-commit/action@2c7b3805fd2a0fd8c1884dcaebf91fc102a13ecd	2026-03-19T12:20:04.6577159Z   pythonLocation: /opt/hostedtoolcache/Python/3.10.20/x64
pre-commit	Run pre-commit/action@2c7b3805fd2a0fd8c1884dcaebf91fc102a13ecd	2026-03-19T12:20:04.6577598Z   PKG_CONFIG_PATH: /opt/hostedtoolcache/Python/3.10.20/x64/lib/pkgconfig
pre-commit	Run pre-commit/action@2c7b3805fd2a0fd8c1884dcaebf91fc102a13ecd	2026-03-19T12:20:04.6578014Z   Python_ROOT_DIR: /opt/hostedtoolcache/Python/3.10.20/x64
pre-commit	Run pre-commit/action@2c7b3805fd2a0fd8c1884dcaebf91fc102a13ecd	2026-03-19T12:20:04.6578383Z   Python2_ROOT_DIR: /opt/hostedtoolcache/Python/3.10.20/x64
pre-commit	Run pre-commit/action@2c7b3805fd2a0fd8c1884dcaebf91fc102a13ecd	2026-03-19T12:20:04.6578759Z   Python3_ROOT_DIR: /opt/hostedtoolcache/Python/3.10.20/x64
pre-commit	Run pre-commit/action@2c7b3805fd2a0fd8c1884dcaebf91fc102a13ecd	2026-03-19T12:20:04.6579121Z   LD_LIBRARY_PATH: /opt/hostedtoolcache/Python/3.10.20/x64/lib
pre-commit	Run pre-commit/action@2c7b3805fd2a0fd8c1884dcaebf91fc102a13ecd	2026-03-19T12:20:04.6579446Z ##[endgroup]
pre-commit	Run pre-commit/action@2c7b3805fd2a0fd8c1884dcaebf91fc102a13ecd	2026-03-19T12:20:04.8764296Z cfgv==3.5.0
pre-commit	Run pre-commit/action@2c7b3805fd2a0fd8c1884dcaebf91fc102a13ecd	2026-03-19T12:20:04.8764674Z distlib==0.4.0
pre-commit	Run pre-commit/action@2c7b3805fd2a0fd8c1884dcaebf91fc102a13ecd	2026-03-19T12:20:04.8764967Z filelock==3.25.2
pre-commit	Run pre-commit/action@2c7b3805fd2a0fd8c1884dcaebf91fc102a13ecd	2026-03-19T12:20:04.8765252Z identify==2.6.18
pre-commit	Run pre-commit/action@2c7b3805fd2a0fd8c1884dcaebf91fc102a13ecd	2026-03-19T12:20:04.8765517Z nodeenv==1.10.0
pre-commit	Run pre-commit/action@2c7b3805fd2a0fd8c1884dcaebf91fc102a13ecd	2026-03-19T12:20:04.8765808Z platformdirs==4.9.4
pre-commit	Run pre-commit/action@2c7b3805fd2a0fd8c1884dcaebf91fc102a13ecd	2026-03-19T12:20:04.8766101Z pre_commit==4.5.1
pre-commit	Run pre-commit/action@2c7b3805fd2a0fd8c1884dcaebf91fc102a13ecd	2026-03-19T12:20:04.8766656Z python-discovery==1.2.0
pre-commit	Run pre-commit/action@2c7b3805fd2a0fd8c1884dcaebf91fc102a13ecd	2026-03-19T12:20:04.8767373Z PyYAML==6.0.3
pre-commit	Run pre-commit/action@2c7b3805fd2a0fd8c1884dcaebf91fc102a13ecd	2026-03-19T12:20:04.8767648Z typing_extensions==4.15.0
pre-commit	Run pre-commit/action@2c7b3805fd2a0fd8c1884dcaebf91fc102a13ecd	2026-03-19T12:20:04.8767964Z virtualenv==21.2.0
pre-commit	Run pre-commit/action@2c7b3805fd2a0fd8c1884dcaebf91fc102a13ecd	2026-03-19T12:20:04.9601115Z ##[group]Run actions/cache@v4
pre-commit	Run pre-commit/action@2c7b3805fd2a0fd8c1884dcaebf91fc102a13ecd	2026-03-19T12:20:04.9601372Z with:
pre-commit	Run pre-commit/action@2c7b3805fd2a0fd8c1884dcaebf91fc102a13ecd	2026-03-19T12:20:04.9601566Z   path: ~/.cache/pre-commit
pre-commit	Run pre-commit/action@2c7b3805fd2a0fd8c1884dcaebf91fc102a13ecd	2026-03-19T12:20:04.9602084Z   key: pre-commit-3|/opt/hostedtoolcache/Python/3.10.20/x64|1dbcc30b02b9f3885db6b2265710a983317b25d3b4cbe621d64c9c27fd01d449
pre-commit	Run pre-commit/action@2c7b3805fd2a0fd8c1884dcaebf91fc102a13ecd	2026-03-19T12:20:04.9602620Z   enableCrossOsArchive: false
pre-commit	Run pre-commit/action@2c7b3805fd2a0fd8c1884dcaebf91fc102a13ecd	2026-03-19T12:20:04.9602868Z   fail-on-cache-miss: false
pre-commit	Run pre-commit/action@2c7b3805fd2a0fd8c1884dcaebf91fc102a13ecd	2026-03-19T12:20:04.9603118Z   lookup-only: false
pre-commit	Run pre-commit/action@2c7b3805fd2a0fd8c1884dcaebf91fc102a13ecd	2026-03-19T12:20:04.9603323Z   save-always: false
pre-commit	Run pre-commit/action@2c7b3805fd2a0fd8c1884dcaebf91fc102a13ecd	2026-03-19T12:20:04.9603516Z env:
pre-commit	Run pre-commit/action@2c7b3805fd2a0fd8c1884dcaebf91fc102a13ecd	2026-03-19T12:20:04.9603763Z   pythonLocation: /opt/hostedtoolcache/Python/3.10.20/x64
pre-commit	Run pre-commit/action@2c7b3805fd2a0fd8c1884dcaebf91fc102a13ecd	2026-03-19T12:20:04.9604187Z   PKG_CONFIG_PATH: /opt/hostedtoolcache/Python/3.10.20/x64/lib/pkgconfig
pre-commit	Run pre-commit/action@2c7b3805fd2a0fd8c1884dcaebf91fc102a13ecd	2026-03-19T12:20:04.9604597Z   Python_ROOT_DIR: /opt/hostedtoolcache/Python/3.10.20/x64
pre-commit	Run pre-commit/action@2c7b3805fd2a0fd8c1884dcaebf91fc102a13ecd	2026-03-19T12:20:04.9604962Z   Python2_ROOT_DIR: /opt/hostedtoolcache/Python/3.10.20/x64
pre-commit	Run pre-commit/action@2c7b3805fd2a0fd8c1884dcaebf91fc102a13ecd	2026-03-19T12:20:04.9605342Z   Python3_ROOT_DIR: /opt/hostedtoolcache/Python/3.10.20/x64
pre-commit	Run pre-commit/action@2c7b3805fd2a0fd8c1884dcaebf91fc102a13ecd	2026-03-19T12:20:04.9605698Z   LD_LIBRARY_PATH: /opt/hostedtoolcache/Python/3.10.20/x64/lib
pre-commit	Run pre-commit/action@2c7b3805fd2a0fd8c1884dcaebf91fc102a13ecd	2026-03-19T12:20:04.9606007Z ##[endgroup]
pre-commit	Run pre-commit/action@2c7b3805fd2a0fd8c1884dcaebf91fc102a13ecd	2026-03-19T12:20:05.2133585Z Cache not found for input keys: pre-commit-3|/opt/hostedtoolcache/Python/3.10.20/x64|1dbcc30b02b9f3885db6b2265710a983317b25d3b4cbe621d64c9c27fd01d449
pre-commit	Run pre-commit/action@2c7b3805fd2a0fd8c1884dcaebf91fc102a13ecd	2026-03-19T12:20:05.2219789Z ##[group]Run pre-commit run --show-diff-on-failure --color=always --all-files
pre-commit	Run pre-commit/action@2c7b3805fd2a0fd8c1884dcaebf91fc102a13ecd	2026-03-19T12:20:05.2220657Z [36;1mpre-commit run --show-diff-on-failure --color=always --all-files[0m
pre-commit	Run pre-commit/action@2c7b3805fd2a0fd8c1884dcaebf91fc102a13ecd	2026-03-19T12:20:05.2292282Z shell: /usr/bin/bash --noprofile --norc -e -o pipefail {0}
pre-commit	Run pre-commit/action@2c7b3805fd2a0fd8c1884dcaebf91fc102a13ecd	2026-03-19T12:20:05.2292840Z env:
pre-commit	Run pre-commit/action@2c7b3805fd2a0fd8c1884dcaebf91fc102a13ecd	2026-03-19T12:20:05.2293222Z   pythonLocation: /opt/hostedtoolcache/Python/3.10.20/x64
pre-commit	Run pre-commit/action@2c7b3805fd2a0fd8c1884dcaebf91fc102a13ecd	2026-03-19T12:20:05.2293857Z   PKG_CONFIG_PATH: /opt/hostedtoolcache/Python/3.10.20/x64/lib/pkgconfig
pre-commit	Run pre-commit/action@2c7b3805fd2a0fd8c1884dcaebf91fc102a13ecd	2026-03-19T12:20:05.2294519Z   Python_ROOT_DIR: /opt/hostedtoolcache/Python/3.10.20/x64
pre-commit	Run pre-commit/action@2c7b3805fd2a0fd8c1884dcaebf91fc102a13ecd	2026-03-19T12:20:05.2295137Z   Python2_ROOT_DIR: /opt/hostedtoolcache/Python/3.10.20/x64
pre-commit	Run pre-commit/action@2c7b3805fd2a0fd8c1884dcaebf91fc102a13ecd	2026-03-19T12:20:05.2295732Z   Python3_ROOT_DIR: /opt/hostedtoolcache/Python/3.10.20/x64
pre-commit	Run pre-commit/action@2c7b3805fd2a0fd8c1884dcaebf91fc102a13ecd	2026-03-19T12:20:05.2296547Z   LD_LIBRARY_PATH: /opt/hostedtoolcache/Python/3.10.20/x64/lib
pre-commit	Run pre-commit/action@2c7b3805fd2a0fd8c1884dcaebf91fc102a13ecd	2026-03-19T12:20:05.2297042Z ##[endgroup]
pre-commit	Run pre-commit/action@2c7b3805fd2a0fd8c1884dcaebf91fc102a13ecd	2026-03-19T12:20:05.6674171Z [INFO][m Initializing environment for https://github.com/pre-commit/pre-commit-hooks.
pre-commit	Run pre-commit/action@2c7b3805fd2a0fd8c1884dcaebf91fc102a13ecd	2026-03-19T12:20:05.9737724Z [INFO][m Initializing environment for https://github.com/google/pre-commit-tool-hooks.
pre-commit	Run pre-commit/action@2c7b3805fd2a0fd8c1884dcaebf91fc102a13ecd	2026-03-19T12:20:06.3635585Z [INFO][m Initializing environment for local.
pre-commit	Run pre-commit/action@2c7b3805fd2a0fd8c1884dcaebf91fc102a13ecd	2026-03-19T12:20:06.4049503Z [INFO][m Initializing environment for https://github.com/psf/black.
pre-commit	Run pre-commit/action@2c7b3805fd2a0fd8c1884dcaebf91fc102a13ecd	2026-03-19T12:20:06.9633852Z [INFO][m Initializing environment for local:prettier@3.3.3.
pre-commit	Run pre-commit/action@2c7b3805fd2a0fd8c1884dcaebf91fc102a13ecd	2026-03-19T12:20:06.9691673Z [INFO][m Initializing environment for local:clang-format==21.1.8.
pre-commit	Run pre-commit/action@2c7b3805fd2a0fd8c1884dcaebf91fc102a13ecd	2026-03-19T12:20:06.9746655Z [INFO][m Initializing environment for https://github.com/PyCQA/flake8.
pre-commit	Run pre-commit/action@2c7b3805fd2a0fd8c1884dcaebf91fc102a13ecd	2026-03-19T12:20:07.4145771Z [INFO][m Initializing environment for https://github.com/pre-commit/mirrors-mypy.
pre-commit	Run pre-commit/action@2c7b3805fd2a0fd8c1884dcaebf91fc102a13ecd	2026-03-19T12:20:07.8134631Z [INFO][m Initializing environment for https://github.com/pre-commit/mirrors-mypy:gql >= 2.0.0, < 3.0.0,PyGitHub,rich.
pre-commit	Run pre-commit/action@2c7b3805fd2a0fd8c1884dcaebf91fc102a13ecd	2026-03-19T12:20:08.0695789Z [INFO][m Initializing environment for https://github.com/codespell-project/codespell.
pre-commit	Run pre-commit/action@2c7b3805fd2a0fd8c1884dcaebf91fc102a13ecd	2026-03-19T12:20:08.4349214Z [INFO][m Installing environment for https://github.com/pre-commit/pre-commit-hooks.
pre-commit	Run pre-commit/action@2c7b3805fd2a0fd8c1884dcaebf91fc102a13ecd	2026-03-19T12:20:08.4350146Z [INFO][m Once installed this environment will be reused.
pre-commit	Run pre-commit/action@2c7b3805fd2a0fd8c1884dcaebf91fc102a13ecd	2026-03-19T12:20:08.4350694Z [INFO][m This may take a few minutes...
pre-commit	Run pre-commit/action@2c7b3805fd2a0fd8c1884dcaebf91fc102a13ecd	2026-03-19T12:20:13.3477319Z [INFO][m Installing environment for https://github.com/google/pre-commit-tool-hooks.
pre-commit	Run pre-commit/action@2c7b3805fd2a0fd8c1884dcaebf91fc102a13ecd	2026-03-19T12:20:13.3478189Z [INFO][m Once installed this environment will be reused.
pre-commit	Run pre-commit/action@2c7b3805fd2a0fd8c1884dcaebf91fc102a13ecd	2026-03-19T12:20:13.3478737Z [INFO][m This may take a few minutes...
pre-commit	Run pre-commit/action@2c7b3805fd2a0fd8c1884dcaebf91fc102a13ecd	2026-03-19T12:20:16.2859753Z [INFO][m Installing environment for local.
pre-commit	Run pre-commit/action@2c7b3805fd2a0fd8c1884dcaebf91fc102a13ecd	2026-03-19T12:20:16.2860505Z [INFO][m Once installed this environment will be reused.
pre-commit	Run pre-commit/action@2c7b3805fd2a0fd8c1884dcaebf91fc102a13ecd	2026-03-19T12:20:16.2861445Z [INFO][m This may take a few minutes...
pre-commit	Run pre-commit/action@2c7b3805fd2a0fd8c1884dcaebf91fc102a13ecd	2026-03-19T12:20:19.0040405Z [INFO][m Installing environment for https://github.com/psf/black.
pre-commit	Run pre-commit/action@2c7b3805fd2a0fd8c1884dcaebf91fc102a13ecd	2026-03-19T12:20:19.0041110Z [INFO][m Once installed this environment will be reused.
pre-commit	Run pre-commit/action@2c7b3805fd2a0fd8c1884dcaebf91fc102a13ecd	2026-03-19T12:20:19.0041486Z [INFO][m This may take a few minutes...
pre-commit	Run pre-commit/action@2c7b3805fd2a0fd8c1884dcaebf91fc102a13ecd	2026-03-19T12:20:22.6267384Z [INFO][m Installing environment for local.
pre-commit	Run pre-commit/action@2c7b3805fd2a0fd8c1884dcaebf91fc102a13ecd	2026-03-19T12:20:22.6267912Z [INFO][m Once installed this environment will be reused.
pre-commit	Run pre-commit/action@2c7b3805fd2a0fd8c1884dcaebf91fc102a13ecd	2026-03-19T12:20:22.6268295Z [INFO][m This may take a few minutes...
pre-commit	Run pre-commit/action@2c7b3805fd2a0fd8c1884dcaebf91fc102a13ecd	2026-03-19T12:20:25.3442265Z [INFO][m Installing environment for local.
pre-commit	Run pre-commit/action@2c7b3805fd2a0fd8c1884dcaebf91fc102a13ecd	2026-03-19T12:20:25.3443008Z [INFO][m Once installed this environment will be reused.
pre-commit	Run pre-commit/action@2c7b3805fd2a0fd8c1884dcaebf91fc102a13ecd	2026-03-19T12:20:25.3443552Z [INFO][m This may take a few minutes...
pre-commit	Run pre-commit/action@2c7b3805fd2a0fd8c1884dcaebf91fc102a13ecd	2026-03-19T12:20:28.3262102Z [INFO][m Installing environment for https://github.com/PyCQA/flake8.
pre-commit	Run pre-commit/action@2c7b3805fd2a0fd8c1884dcaebf91fc102a13ecd	2026-03-19T12:20:28.3262885Z [INFO][m Once installed this environment will be reused.
pre-commit	Run pre-commit/action@2c7b3805fd2a0fd8c1884dcaebf91fc102a13ecd	2026-03-19T12:20:28.3263309Z [INFO][m This may take a few minutes...
pre-commit	Run pre-commit/action@2c7b3805fd2a0fd8c1884dcaebf91fc102a13ecd	2026-03-19T12:20:31.3713363Z [INFO][m Installing environment for https://github.com/pre-commit/mirrors-mypy.
pre-commit	Run pre-commit/action@2c7b3805fd2a0fd8c1884dcaebf91fc102a13ecd	2026-03-19T12:20:31.3714017Z [INFO][m Once installed this environment will be reused.
pre-commit	Run pre-commit/action@2c7b3805fd2a0fd8c1884dcaebf91fc102a13ecd	2026-03-19T12:20:31.3714411Z [INFO][m This may take a few minutes...
pre-commit	Run pre-commit/action@2c7b3805fd2a0fd8c1884dcaebf91fc102a13ecd	2026-03-19T12:20:42.6179436Z [INFO][m Installing environment for https://github.com/codespell-project/codespell.
pre-commit	Run pre-commit/action@2c7b3805fd2a0fd8c1884dcaebf91fc102a13ecd	2026-03-19T12:20:42.6180356Z [INFO][m Once installed this environment will be reused.
pre-commit	Run pre-commit/action@2c7b3805fd2a0fd8c1884dcaebf91fc102a13ecd	2026-03-19T12:20:42.6180811Z [INFO][m This may take a few minutes...
pre-commit	Run pre-commit/action@2c7b3805fd2a0fd8c1884dcaebf91fc102a13ecd	2026-03-19T12:20:46.4909061Z check for added large files..............................................[42mPassed[m
pre-commit	Run pre-commit/action@2c7b3805fd2a0fd8c1884dcaebf91fc102a13ecd	2026-03-19T12:20:46.7301958Z check for case conflicts.................................................[42mPassed[m
pre-commit	Run pre-commit/action@2c7b3805fd2a0fd8c1884dcaebf91fc102a13ecd	2026-03-19T12:20:46.9282212Z check that executables have shebangs.....................................[42mPassed[m
pre-commit	Run pre-commit/action@2c7b3805fd2a0fd8c1884dcaebf91fc102a13ecd	2026-03-19T12:20:47.1377504Z check for merge conflicts................................................[42mPassed[m
pre-commit	Run pre-commit/action@2c7b3805fd2a0fd8c1884dcaebf91fc102a13ecd	2026-03-19T12:20:47.2780667Z check for broken symlinks................................................[42mPassed[m
pre-commit	Run pre-commit/action@2c7b3805fd2a0fd8c1884dcaebf91fc102a13ecd	2026-03-19T12:20:47.5849171Z check yaml...............................................................[42mPassed[m
pre-commit	Run pre-commit/action@2c7b3805fd2a0fd8c1884dcaebf91fc102a13ecd	2026-03-19T12:20:47.8540004Z detect private key.......................................................[42mPassed[m
pre-commit	Run pre-commit/action@2c7b3805fd2a0fd8c1884dcaebf91fc102a13ecd	2026-03-19T12:20:48.3631096Z fix end of files.........................................................[42mPassed[m
pre-commit	Run pre-commit/action@2c7b3805fd2a0fd8c1884dcaebf91fc102a13ecd	2026-03-19T12:20:48.7737069Z mixed line ending........................................................[42mPassed[m
pre-commit	Run pre-commit/action@2c7b3805fd2a0fd8c1884dcaebf91fc102a13ecd	2026-03-19T12:20:49.1426935Z trim trailing whitespace.................................................[42mPassed[m
pre-commit	Run pre-commit/action@2c7b3805fd2a0fd8c1884dcaebf91fc102a13ecd	2026-03-19T12:20:51.8860256Z Check Google Developer Documentation style...............................[42mPassed[m
pre-commit	Run pre-commit/action@2c7b3805fd2a0fd8c1884dcaebf91fc102a13ecd	2026-03-19T12:20:53.7934497Z Update markdown tables of contents.......................................[42mPassed[m
pre-commit	Run pre-commit/action@2c7b3805fd2a0fd8c1884dcaebf91fc102a13ecd	2026-03-19T12:20:59.9918478Z Fix missing C++ deps.....................................................[41mFailed[m
pre-commit	Run pre-commit/action@2c7b3805fd2a0fd8c1884dcaebf91fc102a13ecd	2026-03-19T12:20:59.9919035Z [2m- hook id: fix-cc-deps[m
pre-commit	Run pre-commit/action@2c7b3805fd2a0fd8c1884dcaebf91fc102a13ecd	2026-03-19T12:20:59.9919346Z [2m- files were modified by this hook[m
pre-commit	Run pre-commit/action@2c7b3805fd2a0fd8c1884dcaebf91fc102a13ecd	2026-03-19T12:20:59.9919548Z 
pre-commit	Run pre-commit/action@2c7b3805fd2a0fd8c1884dcaebf91fc102a13ecd	2026-03-19T12:20:59.9919654Z Querying bazel for Carbon targets...
pre-commit	Run pre-commit/action@2c7b3805fd2a0fd8c1884dcaebf91fc102a13ecd	2026-03-19T12:20:59.9919939Z Querying bazel for external targets...
pre-commit	Run pre-commit/action@2c7b3805fd2a0fd8c1884dcaebf91fc102a13ecd	2026-03-19T12:20:59.9920201Z Building header map...
pre-commit	Run pre-commit/action@2c7b3805fd2a0fd8c1884dcaebf91fc102a13ecd	2026-03-19T12:20:59.9920435Z Building generated file list...
pre-commit	Run pre-commit/action@2c7b3805fd2a0fd8c1884dcaebf91fc102a13ecd	2026-03-19T12:20:59.9920707Z Parsing headers from source files...
pre-commit	Run pre-commit/action@2c7b3805fd2a0fd8c1884dcaebf91fc102a13ecd	2026-03-19T12:20:59.9920975Z Done!
pre-commit	Run pre-commit/action@2c7b3805fd2a0fd8c1884dcaebf91fc102a13ecd	2026-03-19T12:20:59.9921073Z 
pre-commit	Run pre-commit/action@2c7b3805fd2a0fd8c1884dcaebf91fc102a13ecd	2026-03-19T12:21:00.8727177Z black....................................................................[42mPassed[m
pre-commit	Run pre-commit/action@2c7b3805fd2a0fd8c1884dcaebf91fc102a13ecd	2026-03-19T12:21:11.2255901Z prettier.................................................................[42mPassed[m
pre-commit	Run pre-commit/action@2c7b3805fd2a0fd8c1884dcaebf91fc102a13ecd	2026-03-19T12:21:12.0829515Z Bazel buildifier.........................................................[42mPassed[m
pre-commit	Run pre-commit/action@2c7b3805fd2a0fd8c1884dcaebf91fc102a13ecd	2026-03-19T12:21:13.9857122Z Check bazel mod deps.....................................................[42mPassed[m
pre-commit	Run pre-commit/action@2c7b3805fd2a0fd8c1884dcaebf91fc102a13ecd	2026-03-19T12:21:17.2535271Z clang-format.............................................................[42mPassed[m
pre-commit	Run pre-commit/action@2c7b3805fd2a0fd8c1884dcaebf91fc102a13ecd	2026-03-19T12:21:17.4032778Z Check header guards......................................................[42mPassed[m
pre-commit	Run pre-commit/action@2c7b3805fd2a0fd8c1884dcaebf91fc102a13ecd	2026-03-19T12:21:17.6274373Z Check fuzzer SHA filenames...............................................[42mPassed[m
pre-commit	Run pre-commit/action@2c7b3805fd2a0fd8c1884dcaebf91fc102a13ecd	2026-03-19T12:21:17.8847218Z Check toolchain diagnostics..............................................[42mPassed[m
pre-commit	Run pre-commit/action@2c7b3805fd2a0fd8c1884dcaebf91fc102a13ecd	2026-03-19T12:21:19.1633304Z Checks for deps on LLVM's version of GoogleTest..........................[42mPassed[m
pre-commit	Run pre-commit/action@2c7b3805fd2a0fd8c1884dcaebf91fc102a13ecd	2026-03-19T12:21:20.0374132Z flake8...................................................................[42mPassed[m
pre-commit	Run pre-commit/action@2c7b3805fd2a0fd8c1884dcaebf91fc102a13ecd	2026-03-19T12:21:23.4078282Z mypy.....................................................................[42mPassed[m
pre-commit	Run pre-commit/action@2c7b3805fd2a0fd8c1884dcaebf91fc102a13ecd	2026-03-19T12:21:24.7211401Z codespell................................................................[42mPassed[m
pre-commit	Run pre-commit/action@2c7b3805fd2a0fd8c1884dcaebf91fc102a13ecd	2026-03-19T12:21:24.9801158Z Check for copyright in files.............................................[42mPassed[m
pre-commit	Run pre-commit/action@2c7b3805fd2a0fd8c1884dcaebf91fc102a13ecd	2026-03-19T12:21:28.9231996Z Check links in markdown files............................................[42mPassed[m
pre-commit	Run pre-commit/action@2c7b3805fd2a0fd8c1884dcaebf91fc102a13ecd	2026-03-19T12:21:35.1409479Z Check build graph........................................................[42mPassed[m
pre-commit	Run pre-commit/action@2c7b3805fd2a0fd8c1884dcaebf91fc102a13ecd	2026-03-19T12:21:35.1410000Z pre-commit hook(s) made changes.
pre-commit	Run pre-commit/action@2c7b3805fd2a0fd8c1884dcaebf91fc102a13ecd	2026-03-19T12:21:35.1410461Z If you are seeing this message in CI, reproduce locally with: `pre-commit run --all-files`.
pre-commit	Run pre-commit/action@2c7b3805fd2a0fd8c1884dcaebf91fc102a13ecd	2026-03-19T12:21:35.1411067Z To run `pre-commit` as part of git workflow, use `pre-commit install`.
pre-commit	Run pre-commit/action@2c7b3805fd2a0fd8c1884dcaebf91fc102a13ecd	2026-03-19T12:21:35.1412076Z All changes made by hooks:
pre-commit	Run pre-commit/action@2c7b3805fd2a0fd8c1884dcaebf91fc102a13ecd	2026-03-19T12:21:35.2331524Z [1mdiff --git a/MODULE.bazel.lock b/MODULE.bazel.lock[m
pre-commit	Run pre-commit/action@2c7b3805fd2a0fd8c1884dcaebf91fc102a13ecd	2026-03-19T12:21:35.2332218Z [1mindex 5350e00..05a7aea 100644[m
pre-commit	Run pre-commit/action@2c7b3805fd2a0fd8c1884dcaebf91fc102a13ecd	2026-03-19T12:21:35.2332655Z [1m--- a/MODULE.bazel.lock[m
pre-commit	Run pre-commit/action@2c7b3805fd2a0fd8c1884dcaebf91fc102a13ecd	2026-03-19T12:21:35.2333055Z [1m+++ b/MODULE.bazel.lock[m
pre-commit	Run pre-commit/action@2c7b3805fd2a0fd8c1884dcaebf91fc102a13ecd	2026-03-19T12:21:35.2333493Z [36m@@ -305,7 +305,7 @@[m
pre-commit	Run pre-commit/action@2c7b3805fd2a0fd8c1884dcaebf91fc102a13ecd	2026-03-19T12:21:35.2333889Z    "moduleExtensions": {[m
pre-commit	Run pre-commit/action@2c7b3805fd2a0fd8c1884dcaebf91fc102a13ecd	2026-03-19T12:21:35.2334526Z      "//bazel/cc_toolchains:clang_configuration.bzl%clang_toolchain_extension": {[m
pre-commit	Run pre-commit/action@2c7b3805fd2a0fd8c1884dcaebf91fc102a13ecd	2026-03-19T12:21:35.2335092Z        "general": {[m
pre-commit	Run pre-commit/action@2c7b3805fd2a0fd8c1884dcaebf91fc102a13ecd	2026-03-19T12:21:35.2335517Z [31m-        "bzlTransitiveDigest": "44/bjnoCpU6JrWf798MGhACH/QjSv0OkcCi/jF+EGg0=",[m
pre-commit	Run pre-commit/action@2c7b3805fd2a0fd8c1884dcaebf91fc102a13ecd	2026-03-19T12:21:35.2336407Z [32m+[m[32m        "bzlTransitiveDigest": "2r2GBY+wJySQxXJgdHq8NyWyZr5NzrEC08NVMBGiRsU=",[m
pre-commit	Run pre-commit/action@2c7b3805fd2a0fd8c1884dcaebf91fc102a13ecd	2026-03-19T12:21:35.2337022Z          "usagesDigest": "lTxkeAFhR0iBEa3dg5hWvtd2HFCr5zCJx/fl27A+IKA=",[m
pre-commit	Run pre-commit/action@2c7b3805fd2a0fd8c1884dcaebf91fc102a13ecd	2026-03-19T12:21:35.2337435Z          "recordedFileInputs": {},[m
pre-commit	Run pre-commit/action@2c7b3805fd2a0fd8c1884dcaebf91fc102a13ecd	2026-03-19T12:21:35.2337758Z          "recordedDirentsInputs": {},[m
pre-commit	Run pre-commit/action@2c7b3805fd2a0fd8c1884dcaebf91fc102a13ecd	2026-03-19T12:21:35.2537215Z ##[error]Process completed with exit code 1.
pre-commit	Collect pre-commit output	﻿2026-03-19T12:21:35.2587895Z ##[group]Run mkdir -p pre-commit-output
pre-commit	Collect pre-commit output	2026-03-19T12:21:35.2588244Z [36;1mmkdir -p pre-commit-output[0m
pre-commit	Collect pre-commit output	2026-03-19T12:21:35.2588535Z [36;1mgit diff > pre-commit-output/diff[0m
pre-commit	Collect pre-commit output	2026-03-19T12:21:35.2588873Z [36;1mcp $GITHUB_EVENT_PATH pre-commit-output/event[0m
pre-commit	Collect pre-commit output	2026-03-19T12:21:35.2629244Z shell: /usr/bin/bash -e {0}
pre-commit	Collect pre-commit output	2026-03-19T12:21:35.2629500Z env:
pre-commit	Collect pre-commit output	2026-03-19T12:21:35.2629760Z   pythonLocation: /opt/hostedtoolcache/Python/3.10.20/x64
pre-commit	Collect pre-commit output	2026-03-19T12:21:35.2630187Z   PKG_CONFIG_PATH: /opt/hostedtoolcache/Python/3.10.20/x64/lib/pkgconfig
pre-commit	Collect pre-commit output	2026-03-19T12:21:35.2630606Z   Python_ROOT_DIR: /opt/hostedtoolcache/Python/3.10.20/x64
pre-commit	Collect pre-commit output	2026-03-19T12:21:35.2630978Z   Python2_ROOT_DIR: /opt/hostedtoolcache/Python/3.10.20/x64
pre-commit	Collect pre-commit output	2026-03-19T12:21:35.2631340Z   Python3_ROOT_DIR: /opt/hostedtoolcache/Python/3.10.20/x64
pre-commit	Collect pre-commit output	2026-03-19T12:21:35.2631709Z   LD_LIBRARY_PATH: /opt/hostedtoolcache/Python/3.10.20/x64/lib
pre-commit	Collect pre-commit output	2026-03-19T12:21:35.2632022Z ##[endgroup]
pre-commit	Run actions/upload-artifact@bbbca2ddaa5d8feaa63e36b76fdaad77386f024f	﻿2026-03-19T12:21:35.3801084Z ##[group]Run actions/upload-artifact@bbbca2ddaa5d8feaa63e36b76fdaad77386f024f
pre-commit	Run actions/upload-artifact@bbbca2ddaa5d8feaa63e36b76fdaad77386f024f	2026-03-19T12:21:35.3801508Z with:
pre-commit	Run actions/upload-artifact@bbbca2ddaa5d8feaa63e36b76fdaad77386f024f	2026-03-19T12:21:35.3801712Z   name: pre-commit output
pre-commit	Run actions/upload-artifact@bbbca2ddaa5d8feaa63e36b76fdaad77386f024f	2026-03-19T12:21:35.3801957Z   path: pre-commit-output/*
pre-commit	Run actions/upload-artifact@bbbca2ddaa5d8feaa63e36b76fdaad77386f024f	2026-03-19T12:21:35.3802193Z   if-no-files-found: warn
pre-commit	Run actions/upload-artifact@bbbca2ddaa5d8feaa63e36b76fdaad77386f024f	2026-03-19T12:21:35.3802741Z   compression-level: 6
pre-commit	Run actions/upload-artifact@bbbca2ddaa5d8feaa63e36b76fdaad77386f024f	2026-03-19T12:21:35.3802960Z   overwrite: false
pre-commit	Run actions/upload-artifact@bbbca2ddaa5d8feaa63e36b76fdaad77386f024f	2026-03-19T12:21:35.3803179Z   include-hidden-files: false
pre-commit	Run actions/upload-artifact@bbbca2ddaa5d8feaa63e36b76fdaad77386f024f	2026-03-19T12:21:35.3803421Z   archive: true
pre-commit	Run actions/upload-artifact@bbbca2ddaa5d8feaa63e36b76fdaad77386f024f	2026-03-19T12:21:35.3803613Z env:
pre-commit	Run actions/upload-artifact@bbbca2ddaa5d8feaa63e36b76fdaad77386f024f	2026-03-19T12:21:35.3803862Z   pythonLocation: /opt/hostedtoolcache/Python/3.10.20/x64
pre-commit	Run actions/upload-artifact@bbbca2ddaa5d8feaa63e36b76fdaad77386f024f	2026-03-19T12:21:35.3804289Z   PKG_CONFIG_PATH: /opt/hostedtoolcache/Python/3.10.20/x64/lib/pkgconfig
pre-commit	Run actions/upload-artifact@bbbca2ddaa5d8feaa63e36b76fdaad77386f024f	2026-03-19T12:21:35.3804703Z   Python_ROOT_DIR: /opt/hostedtoolcache/Python/3.10.20/x64
pre-commit	Run actions/upload-artifact@bbbca2ddaa5d8feaa63e36b76fdaad77386f024f	2026-03-19T12:21:35.3805074Z   Python2_ROOT_DIR: /opt/hostedtoolcache/Python/3.10.20/x64
pre-commit	Run actions/upload-artifact@bbbca2ddaa5d8feaa63e36b76fdaad77386f024f	2026-03-19T12:21:35.3805446Z   Python3_ROOT_DIR: /opt/hostedtoolcache/Python/3.10.20/x64
pre-commit	Run actions/upload-artifact@bbbca2ddaa5d8feaa63e36b76fdaad77386f024f	2026-03-19T12:21:35.3805818Z   LD_LIBRARY_PATH: /opt/hostedtoolcache/Python/3.10.20/x64/lib
pre-commit	Run actions/upload-artifact@bbbca2ddaa5d8feaa63e36b76fdaad77386f024f	2026-03-19T12:21:35.3806339Z ##[endgroup]
pre-commit	Run actions/upload-artifact@bbbca2ddaa5d8feaa63e36b76fdaad77386f024f	2026-03-19T12:21:35.5281579Z With the provided path, there will be 2 files uploaded
pre-commit	Run actions/upload-artifact@bbbca2ddaa5d8feaa63e36b76fdaad77386f024f	2026-03-19T12:21:35.5286901Z Artifact name is valid!
pre-commit	Run actions/upload-artifact@bbbca2ddaa5d8feaa63e36b76fdaad77386f024f	2026-03-19T12:21:35.5287415Z Root directory input is valid!
pre-commit	Run actions/upload-artifact@bbbca2ddaa5d8feaa63e36b76fdaad77386f024f	2026-03-19T12:21:35.6358278Z Uploading artifact: pre-commit output.zip
pre-commit	Run actions/upload-artifact@bbbca2ddaa5d8feaa63e36b76fdaad77386f024f	2026-03-19T12:21:35.6403886Z Beginning upload of artifact content to blob storage
pre-commit	Run actions/upload-artifact@bbbca2ddaa5d8feaa63e36b76fdaad77386f024f	2026-03-19T12:21:35.8050774Z Uploaded bytes 3418
pre-commit	Run actions/upload-artifact@bbbca2ddaa5d8feaa63e36b76fdaad77386f024f	2026-03-19T12:21:35.8407234Z Finished uploading artifact content to blob storage!
pre-commit	Run actions/upload-artifact@bbbca2ddaa5d8feaa63e36b76fdaad77386f024f	2026-03-19T12:21:35.8408487Z SHA256 digest of uploaded artifact is d15818a1e82666672d5d2dd119921f66dffe1c017d8d9dc123f48e84cdeea49a
pre-commit	Run actions/upload-artifact@bbbca2ddaa5d8feaa63e36b76fdaad77386f024f	2026-03-19T12:21:35.8409629Z Finalizing artifact upload
pre-commit	Run actions/upload-artifact@bbbca2ddaa5d8feaa63e36b76fdaad77386f024f	2026-03-19T12:21:35.9943342Z Artifact pre-commit output successfully finalized. Artifact ID 6005445427
pre-commit	Run actions/upload-artifact@bbbca2ddaa5d8feaa63e36b76fdaad77386f024f	2026-03-19T12:21:35.9944388Z Artifact pre-commit output has been successfully uploaded! Final size is 3418 bytes. Artifact ID is 6005445427
pre-commit	Run actions/upload-artifact@bbbca2ddaa5d8feaa63e36b76fdaad77386f024f	2026-03-19T12:21:35.9948267Z Artifact download URL: https://github.com/amalb5900/carbon-lang/actions/runs/23294446708/artifacts/6005445427
pre-commit	Post Run pre-commit/action@2c7b3805fd2a0fd8c1884dcaebf91fc102a13ecd	﻿2026-03-19T12:21:36.0088512Z Post job cleanup.
pre-commit	Post Run ./.github/actions/build-setup-common	﻿2026-03-19T12:21:36.0167169Z Post job cleanup.
pre-commit	Post Run actions/checkout@de0fac2e4500dabe0009e67214ff5f5447ce83dd	﻿2026-03-19T12:21:36.0229220Z Post job cleanup.
pre-commit	Post Run actions/checkout@de0fac2e4500dabe0009e67214ff5f5447ce83dd	2026-03-19T12:21:36.1067580Z [command]/usr/bin/git version
pre-commit	Post Run actions/checkout@de0fac2e4500dabe0009e67214ff5f5447ce83dd	2026-03-19T12:21:36.1122343Z git version 2.53.0
pre-commit	Post Run actions/checkout@de0fac2e4500dabe0009e67214ff5f5447ce83dd	2026-03-19T12:21:36.1146016Z Temporarily overriding HOME='/home/runner/work/_temp/62db653d-1fba-49b4-bc1b-cc48bed484e8' before making global git config changes
pre-commit	Post Run actions/checkout@de0fac2e4500dabe0009e67214ff5f5447ce83dd	2026-03-19T12:21:36.1147414Z Adding repository directory to the temporary git global config as a safe directory
pre-commit	Post Run actions/checkout@de0fac2e4500dabe0009e67214ff5f5447ce83dd	2026-03-19T12:21:36.1152267Z [command]/usr/bin/git config --global --add safe.directory /home/runner/work/carbon-lang/carbon-lang
pre-commit	Post Run actions/checkout@de0fac2e4500dabe0009e67214ff5f5447ce83dd	2026-03-19T12:21:36.1192023Z Removing SSH command configuration
pre-commit	Post Run actions/checkout@de0fac2e4500dabe0009e67214ff5f5447ce83dd	2026-03-19T12:21:36.1198575Z [command]/usr/bin/git config --local --name-only --get-regexp core\.sshCommand
pre-commit	Post Run actions/checkout@de0fac2e4500dabe0009e67214ff5f5447ce83dd	2026-03-19T12:21:36.1238983Z [command]/usr/bin/git submodule foreach --recursive sh -c "git config --local --name-only --get-regexp 'core\.sshCommand' && git config --local --unset-all 'core.sshCommand' || :"
pre-commit	Post Run actions/checkout@de0fac2e4500dabe0009e67214ff5f5447ce83dd	2026-03-19T12:21:36.1525701Z Removing HTTP extra header
pre-commit	Post Run actions/checkout@de0fac2e4500dabe0009e67214ff5f5447ce83dd	2026-03-19T12:21:36.1531177Z [command]/usr/bin/git config --local --name-only --get-regexp http\.https\:\/\/github\.com\/\.extraheader
pre-commit	Post Run actions/checkout@de0fac2e4500dabe0009e67214ff5f5447ce83dd	2026-03-19T12:21:36.1569904Z [command]/usr/bin/git submodule foreach --recursive sh -c "git config --local --name-only --get-regexp 'http\.https\:\/\/github\.com\/\.extraheader' && git config --local --unset-all 'http.https://github.com/.extraheader' || :"
pre-commit	Post Run actions/checkout@de0fac2e4500dabe0009e67214ff5f5447ce83dd	2026-03-19T12:21:36.1852988Z Removing includeIf entries pointing to credentials config files
pre-commit	Post Run actions/checkout@de0fac2e4500dabe0009e67214ff5f5447ce83dd	2026-03-19T12:21:36.1859979Z [command]/usr/bin/git config --local --name-only --get-regexp ^includeIf\.gitdir:
pre-commit	Post Run actions/checkout@de0fac2e4500dabe0009e67214ff5f5447ce83dd	2026-03-19T12:21:36.1887944Z includeif.gitdir:/home/runner/work/carbon-lang/carbon-lang/.git.path
pre-commit	Post Run actions/checkout@de0fac2e4500dabe0009e67214ff5f5447ce83dd	2026-03-19T12:21:36.1888758Z includeif.gitdir:/home/runner/work/carbon-lang/carbon-lang/.git/worktrees/*.path
pre-commit	Post Run actions/checkout@de0fac2e4500dabe0009e67214ff5f5447ce83dd	2026-03-19T12:21:36.1889468Z includeif.gitdir:/github/workspace/.git.path
pre-commit	Post Run actions/checkout@de0fac2e4500dabe0009e67214ff5f5447ce83dd	2026-03-19T12:21:36.1889988Z includeif.gitdir:/github/workspace/.git/worktrees/*.path
pre-commit	Post Run actions/checkout@de0fac2e4500dabe0009e67214ff5f5447ce83dd	2026-03-19T12:21:36.1897982Z [command]/usr/bin/git config --local --get-all includeif.gitdir:/home/runner/work/carbon-lang/carbon-lang/.git.path
pre-commit	Post Run actions/checkout@de0fac2e4500dabe0009e67214ff5f5447ce83dd	2026-03-19T12:21:36.1923264Z /home/runner/work/_temp/git-credentials-64fd2085-0957-4c95-819f-f495765ec162.config
pre-commit	Post Run actions/checkout@de0fac2e4500dabe0009e67214ff5f5447ce83dd	2026-03-19T12:21:36.1934529Z [command]/usr/bin/git config --local --unset includeif.gitdir:/home/runner/work/carbon-lang/carbon-lang/.git.path /home/runner/work/_temp/git-credentials-64fd2085-0957-4c95-819f-f495765ec162.config
pre-commit	Post Run actions/checkout@de0fac2e4500dabe0009e67214ff5f5447ce83dd	2026-03-19T12:21:36.1975620Z [command]/usr/bin/git config --local --get-all includeif.gitdir:/home/runner/work/carbon-lang/carbon-lang/.git/worktrees/*.path
pre-commit	Post Run actions/checkout@de0fac2e4500dabe0009e67214ff5f5447ce83dd	2026-03-19T12:21:36.2001316Z /home/runner/work/_temp/git-credentials-64fd2085-0957-4c95-819f-f495765ec162.config
pre-commit	Post Run actions/checkout@de0fac2e4500dabe0009e67214ff5f5447ce83dd	2026-03-19T12:21:36.2012360Z [command]/usr/bin/git config --local --unset includeif.gitdir:/home/runner/work/carbon-lang/carbon-lang/.git/worktrees/*.path /home/runner/work/_temp/git-credentials-64fd2085-0957-4c95-819f-f495765ec162.config
pre-commit	Post Run actions/checkout@de0fac2e4500dabe0009e67214ff5f5447ce83dd	2026-03-19T12:21:36.2051035Z [command]/usr/bin/git config --local --get-all includeif.gitdir:/github/workspace/.git.path
pre-commit	Post Run actions/checkout@de0fac2e4500dabe0009e67214ff5f5447ce83dd	2026-03-19T12:21:36.2076051Z /github/runner_temp/git-credentials-64fd2085-0957-4c95-819f-f495765ec162.config
pre-commit	Post Run actions/checkout@de0fac2e4500dabe0009e67214ff5f5447ce83dd	2026-03-19T12:21:36.2084190Z [command]/usr/bin/git config --local --unset includeif.gitdir:/github/workspace/.git.path /github/runner_temp/git-credentials-64fd2085-0957-4c95-819f-f495765ec162.config
pre-commit	Post Run actions/checkout@de0fac2e4500dabe0009e67214ff5f5447ce83dd	2026-03-19T12:21:36.2122797Z [command]/usr/bin/git config --local --get-all includeif.gitdir:/github/workspace/.git/worktrees/*.path
pre-commit	Post Run actions/checkout@de0fac2e4500dabe0009e67214ff5f5447ce83dd	2026-03-19T12:21:36.2148257Z /github/runner_temp/git-credentials-64fd2085-0957-4c95-819f-f495765ec162.config
pre-commit	Post Run actions/checkout@de0fac2e4500dabe0009e67214ff5f5447ce83dd	2026-03-19T12:21:36.2157976Z [command]/usr/bin/git config --local --unset includeif.gitdir:/github/workspace/.git/worktrees/*.path /github/runner_temp/git-credentials-64fd2085-0957-4c95-819f-f495765ec162.config
pre-commit	Post Run actions/checkout@de0fac2e4500dabe0009e67214ff5f5447ce83dd	2026-03-19T12:21:36.2196956Z [command]/usr/bin/git submodule foreach --recursive git config --local --show-origin --name-only --get-regexp remote.origin.url
pre-commit	Post Run actions/checkout@de0fac2e4500dabe0009e67214ff5f5447ce83dd	2026-03-19T12:21:36.2477739Z Removing credentials config '/home/runner/work/_temp/git-credentials-64fd2085-0957-4c95-819f-f495765ec162.config'
pre-commit	Post Harden Runner	﻿2026-03-19T12:21:36.2659122Z Post job cleanup.
pre-commit	Post Harden Runner	2026-03-19T12:21:36.3521211Z [harden-runner] post-step
pre-commit	Post Harden Runner	2026-03-19T12:21:37.3547039Z log:
pre-commit	Post Harden Runner	2026-03-19T12:21:37.3548420Z Thu, 19 Mar 2026 12:17:54 GMT:[buildInfo] tag=v0.14.3 commit=689409c83f4ac2a559d1cc60278197f33c0bb83d branch=HEAD 
pre-commit	Post Harden Runner	2026-03-19T12:21:37.3549086Z 
pre-commit	Post Harden Runner	2026-03-19T12:21:37.3549264Z Thu, 19 Mar 2026 12:17:54 GMT:read config 
pre-commit	Post Harden Runner	2026-03-19T12:21:37.3558991Z  &{Repo:amalb5900/carbon-lang CorrelationId:bfa6ee7e-b668-4db9-8994-672978390da1 RunId:23294446708 WorkingDirectory:/home/runner/work/carbon-lang/carbon-lang APIURL:https://agent.api.stepsecurity.io/v1 OneTimeKey: Endpoints:map[*.blob.storage.azure.net.:[{domainName:*.blob.storage.azure.net. port:443}] *.githubapp.com.:[{domainName:*.githubapp.com. port:443}] *.sourceforge.net.:[{domainName:*.sourceforge.net. port:443}] api.github.com.:[{domainName:api.github.com. port:443}] api.ipify.org.:[{domainName:api.ipify.org. port:443}] bcr.bazel.build.:[{domainName:bcr.bazel.build. port:443}] downloads.sourceforge.net.:[{domainName:downloads.sourceforge.net. port:443}] files.pythonhosted.org.:[{domainName:files.pythonhosted.org. port:443}] github.com.:[{domainName:github.com. port:443}] go.dev.:[{domainName:go.dev. port:443}] mirror.bazel.build.:[{domainName:mirror.bazel.build. port:443}] mirrors.kernel.org.:[{domainName:mirrors.kernel.org. port:443}] nodejs.org.:[{domainName:nodejs.org. port:443}] oauth2.googleapis.com.:[{domainName:oauth2.googleapis.com. port:443}] objects.githubusercontent.com.:[{domainName:objects.githubusercontent.com. port:443}] productionresultssa6.blob.core.windows.net.:[{domainName:productionresultssa6.blob.core.windows.net. port:443}] pypi.org.:[{domainName:pypi.org. port:443}] registry.npmjs.org.:[{domainName:registry.npmjs.org. port:443}] release-assets.githubusercontent.com.:[{domainName:release-assets.githubusercontent.com. port:443}] releases.bazel.build.:[{domainName:releases.bazel.build. port:443}] storage.googleapis.com.:[{domainName:storage.googleapis.com. port:443}] www.googleapis.com.:[{domainName:www.googleapis.com. port:443}]] EgressPolicy:block DisableTelemetry:false DisableSudo:false DisableSudoAndContainers:false DisableFileMonitoring:false Private:false}
pre-commit	Post Harden Runner	2026-03-19T12:21:37.3569143Z 
pre-commit	Post Harden Runner	2026-03-19T12:21:37.3569548Z Thu, 19 Mar 2026 12:17:54 GMT:Step Security Job Correlation ID: bfa6ee7e-b668-4db9-8994-672978390da1
pre-commit	Post Harden Runner	2026-03-19T12:21:37.3570088Z 
pre-commit	Post Harden Runner	2026-03-19T12:21:37.3570428Z Thu, 19 Mar 2026 12:17:54 GMT:Global feature flags: {AgentType:agent-oss EnableArmour:false}
pre-commit	Post Harden Runner	2026-03-19T12:21:37.3571116Z Thu, 19 Mar 2026 12:17:54 GMT:initialized global feature flags
pre-commit	Post Harden Runner	2026-03-19T12:21:37.3571465Z 
pre-commit	Post Harden Runner	2026-03-19T12:21:37.3571660Z Thu, 19 Mar 2026 12:17:54 GMT:started process monitor
pre-commit	Post Harden Runner	2026-03-19T12:21:37.3571984Z 
pre-commit	Post Harden Runner	2026-03-19T12:21:37.3572118Z Thu, 19 Mar 2026 12:17:54 GMT:Monitor Processes called
pre-commit	Post Harden Runner	2026-03-19T12:21:37.3572483Z Thu, 19 Mar 2026 12:17:54 GMT:NewAuditClient created
pre-commit	Post Harden Runner	2026-03-19T12:21:37.3572807Z Thu, 19 Mar 2026 12:17:54 GMT:Status is enabled
pre-commit	Post Harden Runner	2026-03-19T12:21:37.3573117Z Thu, 19 Mar 2026 12:17:54 GMT:Rules deleted
pre-commit	Post Harden Runner	2026-03-19T12:21:37.3573558Z Thu, 19 Mar 2026 12:17:54 GMT:File monitor added for /home/runner/work/carbon-lang/carbon-lang
pre-commit	Post Harden Runner	2026-03-19T12:21:37.3574011Z Thu, 19 Mar 2026 12:17:54 GMT:Agent file monitor added
pre-commit	Post Harden Runner	2026-03-19T12:21:37.3574379Z Thu, 19 Mar 2026 12:17:54 GMT:Docker's daemon.json file monitor added
pre-commit	Post Harden Runner	2026-03-19T12:21:37.3574792Z Thu, 19 Mar 2026 12:17:54 GMT:Systemd's resolved.conf file monitor added
pre-commit	Post Harden Runner	2026-03-19T12:21:37.3575194Z Thu, 19 Mar 2026 12:17:54 GMT:Net monitor added for TCP (connect)
pre-commit	Post Harden Runner	2026-03-19T12:21:37.3575598Z Thu, 19 Mar 2026 12:17:54 GMT:Net monitor added for UDP (sendto & sendmsg)
pre-commit	Post Harden Runner	2026-03-19T12:21:37.3575974Z Thu, 19 Mar 2026 12:17:54 GMT:Process monitor added
pre-commit	Post Harden Runner	2026-03-19T12:21:37.3576530Z Thu, 19 Mar 2026 12:17:54 GMT:receive called
pre-commit	Post Harden Runner	2026-03-19T12:21:37.3576725Z 
pre-commit	Post Harden Runner	2026-03-19T12:21:37.3577008Z Thu, 19 Mar 2026 12:17:54 GMT:domain resolved: oauth2.googleapis.com., ip address: 172.253.132.95, TTL: 300
pre-commit	Post Harden Runner	2026-03-19T12:21:37.3577661Z Thu, 19 Mar 2026 12:17:54 GMT:domain resolved: www.googleapis.com., ip address: 142.250.189.106, TTL: 53
pre-commit	Post Harden Runner	2026-03-19T12:21:37.3578865Z Thu, 19 Mar 2026 12:17:54 GMT:domain resolved: api.ipify.org., ip address: 172.67.74.152, TTL: 300
pre-commit	Post Harden Runner	2026-03-19T12:21:37.3579688Z Thu, 19 Mar 2026 12:17:54 GMT:domain resolved: github.com., ip address: 140.82.112.4, TTL: 60
pre-commit	Post Harden Runner	2026-03-19T12:21:37.3580872Z Thu, 19 Mar 2026 12:17:54 GMT:domain resolved: downloads.sourceforge.net., ip address: 104.18.12.149, TTL: 300
pre-commit	Post Harden Runner	2026-03-19T12:21:37.3581585Z Thu, 19 Mar 2026 12:17:54 GMT:domain resolved: mirror.bazel.build., ip address: 130.211.22.235, TTL: 3600
pre-commit	Post Harden Runner	2026-03-19T12:21:37.3582248Z Thu, 19 Mar 2026 12:17:54 GMT:domain resolved: objects.githubusercontent.com., ip address: 185.199.110.133, TTL: 2259
pre-commit	Post Harden Runner	2026-03-19T12:21:37.3582911Z Thu, 19 Mar 2026 12:17:54 GMT:domain resolved: files.pythonhosted.org., ip address: 151.101.128.223, TTL: 39
pre-commit	Post Harden Runner	2026-03-19T12:21:37.3583473Z Thu, 19 Mar 2026 12:17:54 GMT:domain resolved: go.dev., ip address: 216.239.32.21, TTL: 153
pre-commit	Post Harden Runner	2026-03-19T12:21:37.3584020Z Thu, 19 Mar 2026 12:17:54 GMT:domain resolved: codeload.github.com., ip address: 140.82.112.9, TTL: 60
pre-commit	Post Harden Runner	2026-03-19T12:21:37.3584758Z Thu, 19 Mar 2026 12:17:54 GMT:domain resolved: actions-results-receiver-production.githubapp.com., ip address: 140.82.112.24, TTL: 60
pre-commit	Post Harden Runner	2026-03-19T12:21:37.3585513Z Thu, 19 Mar 2026 12:17:54 GMT:domain resolved: releases.bazel.build., ip address: 130.211.22.235, TTL: 3600
pre-commit	Post Harden Runner	2026-03-19T12:21:37.3586440Z Thu, 19 Mar 2026 12:17:54 GMT:domain resolved: release-assets.githubusercontent.com., ip address: 185.199.110.133, TTL: 2567
pre-commit	Post Harden Runner	2026-03-19T12:21:37.3587278Z Thu, 19 Mar 2026 12:17:54 GMT:domain resolved: mirrors.kernel.org., ip address: 142.0.200.124, TTL: 725
pre-commit	Post Harden Runner	2026-03-19T12:21:37.3588257Z Thu, 19 Mar 2026 12:17:54 GMT:domain resolved: storage.googleapis.com., ip address: 142.251.210.123, TTL: 300
pre-commit	Post Harden Runner	2026-03-19T12:21:37.3589411Z Thu, 19 Mar 2026 12:17:54 GMT:domain resolved: productionresultssa6.blob.core.windows.net., ip address: 20.209.112.225, TTL: 36
pre-commit	Post Harden Runner	2026-03-19T12:21:37.3590386Z Thu, 19 Mar 2026 12:17:54 GMT:domain resolved: api.github.com., ip address: 140.82.114.5, TTL: 60
pre-commit	Post Harden Runner	2026-03-19T12:21:37.3591430Z Thu, 19 Mar 2026 12:17:54 GMT:domain resolved: nodejs.org., ip address: 172.66.128.70, TTL: 300
pre-commit	Post Harden Runner	2026-03-19T12:21:37.3592089Z Thu, 19 Mar 2026 12:17:54 GMT:domain resolved: agent.api.stepsecurity.io., ip address: 34.215.63.172, TTL: 39
pre-commit	Post Harden Runner	2026-03-19T12:21:37.3592691Z Thu, 19 Mar 2026 12:17:54 GMT:domain resolved: bcr.bazel.build., ip address: 130.211.22.235, TTL: 3600
pre-commit	Post Harden Runner	2026-03-19T12:21:37.3593239Z Thu, 19 Mar 2026 12:17:54 GMT:domain resolved: pypi.org., ip address: 151.101.192.223, TTL: 9426
pre-commit	Post Harden Runner	2026-03-19T12:21:37.3593784Z Thu, 19 Mar 2026 12:17:54 GMT:domain resolved: registry.npmjs.org., ip address: 104.16.9.34, TTL: 300
pre-commit	Post Harden Runner	2026-03-19T12:21:37.3594116Z 
pre-commit	Post Harden Runner	2026-03-19T12:21:37.3594237Z Thu, 19 Mar 2026 12:17:55 GMT:updated resolved
pre-commit	Post Harden Runner	2026-03-19T12:21:37.3594438Z 
pre-commit	Post Harden Runner	2026-03-19T12:21:37.3594552Z Thu, 19 Mar 2026 12:17:56 GMT:set docker config
pre-commit	Post Harden Runner	2026-03-19T12:21:37.3594747Z 
pre-commit	Post Harden Runner	2026-03-19T12:21:37.3594752Z 
pre-commit	Post Harden Runner	2026-03-19T12:21:37.3598440Z Thu, 19 Mar 2026 12:17:56 GMT:Allowed domains:map[*.blob.storage.azure.net.:[{*.blob.storage.azure.net. 443}] *.githubapp.com.:[{*.githubapp.com. 443}] *.sourceforge.net.:[{*.sourceforge.net. 443}] api.github.com.:[{api.github.com. 443}] api.ipify.org.:[{api.ipify.org. 443}] bcr.bazel.build.:[{bcr.bazel.build. 443}] downloads.sourceforge.net.:[{downloads.sourceforge.net. 443}] files.pythonhosted.org.:[{files.pythonhosted.org. 443}] github.com.:[{github.com. 443}] go.dev.:[{go.dev. 443}] mirror.bazel.build.:[{mirror.bazel.build. 443}] mirrors.kernel.org.:[{mirrors.kernel.org. 443}] nodejs.org.:[{nodejs.org. 443}] oauth2.googleapis.com.:[{oauth2.googleapis.com. 443}] objects.githubusercontent.com.:[{objects.githubusercontent.com. 443}] productionresultssa6.blob.core.windows.net.:[{productionresultssa6.blob.core.windows.net. 443}] pypi.org.:[{pypi.org. 443}] registry.npmjs.org.:[{registry.npmjs.org. 443}] release-assets.githubusercontent.com.:[{release-assets.githubusercontent.com. 443}] releases.bazel.build.:[{releases.bazel.build. 443}] storage.googleapis.com.:[{storage.googleapis.com. 443}] www.googleapis.com.:[{www.googleapis.com. 443}]]
pre-commit	Post Harden Runner	2026-03-19T12:21:37.3602304Z 
pre-commit	Post Harden Runner	2026-03-19T12:21:37.3602411Z Thu, 19 Mar 2026 12:17:56 GMT:done
pre-commit	Post Harden Runner	2026-03-19T12:21:37.3603644Z Thu, 19 Mar 2026 12:17:57 GMT:[Source code overwritten] file: /home/runner/work/carbon-lang/carbon-lang/.git/config.lock syscall: openat by exe: /usr/bin/git [88589e9d5a9884b2fc8bb4e9ef68364a06c5531473467bf2756f0687adf754d4] Timestamp: 2026-03-19T12:17:57.017Z
pre-commit	Post Harden Runner	2026-03-19T12:21:37.3606417Z Thu, 19 Mar 2026 12:17:57 GMT:[Source code overwritten] file: /home/runner/work/carbon-lang/carbon-lang/.git/config syscall: rename by exe: /usr/bin/git [88589e9d5a9884b2fc8bb4e9ef68364a06c5531473467bf2756f0687adf754d4] Timestamp: 2026-03-19T12:17:57.017Z
pre-commit	Post Harden Runner	2026-03-19T12:21:37.3608853Z Thu, 19 Mar 2026 12:17:57 GMT:[Source code overwritten] file: /home/runner/work/carbon-lang/carbon-lang/.git/config.lock syscall: openat by exe: /usr/bin/git [88589e9d5a9884b2fc8bb4e9ef68364a06c5531473467bf2756f0687adf754d4] Timestamp: 2026-03-19T12:17:57.018Z
pre-commit	Post Harden Runner	2026-03-19T12:21:37.3610277Z Thu, 19 Mar 2026 12:17:57 GMT:endpoint called ip address:port 140.82.112.4:443, domain: github.com., pid: 2535, process: git-remote-http
pre-commit	Post Harden Runner	2026-03-19T12:21:37.3611129Z Thu, 19 Mar 2026 12:17:59 GMT:sudo process started: Exe: /usr/bin/sudo, Arguments: [sudo rm -rf /usr/local/lib/android]
pre-commit	Post Harden Runner	2026-03-19T12:21:37.3611896Z Thu, 19 Mar 2026 12:17:59 GMT:sudo process started: Exe: /usr/bin/rm, Arguments: [rm -rf /usr/local/lib/android]
pre-commit	Post Harden Runner	2026-03-19T12:21:37.3612757Z Thu, 19 Mar 2026 12:18:11 GMT:domain resolved: hosted-compute-watchdog-prod-iad-02.githubapp.com., ip address: 140.82.113.24, TTL: 51
pre-commit	Post Harden Runner	2026-03-19T12:21:37.3613596Z Thu, 19 Mar 2026 12:18:13 GMT:sudo process started: Exe: /usr/bin/sudo, Arguments: [sudo rm -rf /usr/share/dotnet]
pre-commit	Post Harden Runner	2026-03-19T12:21:37.3614330Z Thu, 19 Mar 2026 12:18:13 GMT:sudo process started: Exe: /usr/bin/rm, Arguments: [rm -rf /usr/share/dotnet]
pre-commit	Post Harden Runner	2026-03-19T12:21:37.3615041Z Thu, 19 Mar 2026 12:18:15 GMT:sudo process started: Exe: /usr/bin/sudo, Arguments: [sudo rm -rf /opt/ghc]
pre-commit	Post Harden Runner	2026-03-19T12:21:37.3616374Z Thu, 19 Mar 2026 12:18:15 GMT:sudo process started: Exe: /usr/bin/rm, Arguments: [rm -rf /opt/ghc]
pre-commit	Post Harden Runner	2026-03-19T12:21:37.3617390Z Thu, 19 Mar 2026 12:18:15 GMT:sudo process started: Exe: /usr/bin/sudo, Arguments: [sudo rm -rf /usr/local/.ghcup]
pre-commit	Post Harden Runner	2026-03-19T12:21:37.3618409Z Thu, 19 Mar 2026 12:18:15 GMT:sudo process started: Exe: /usr/bin/rm, Arguments: [rm -rf /usr/local/.ghcup]
pre-commit	Post Harden Runner	2026-03-19T12:21:37.3619494Z Thu, 19 Mar 2026 12:18:16 GMT:sudo process started: Exe: /usr/bin/sudo, Arguments: [sudo docker image prune --all --force]
pre-commit	Post Harden Runner	2026-03-19T12:21:37.3620649Z Thu, 19 Mar 2026 12:18:16 GMT:sudo process started: Exe: /usr/bin/docker, Arguments: [docker image prune --all --force]
pre-commit	Post Harden Runner	2026-03-19T12:21:37.3621489Z Thu, 19 Mar 2026 12:18:16 GMT:sudo process started: Exe: /usr/bin/sudo, Arguments: [sudo swapoff -a]
pre-commit	Post Harden Runner	2026-03-19T12:21:37.3622198Z Thu, 19 Mar 2026 12:18:16 GMT:sudo process started: Exe: /usr/sbin/swapoff, Arguments: [swapoff -a]
pre-commit	Post Harden Runner	2026-03-19T12:21:37.3622917Z Thu, 19 Mar 2026 12:18:16 GMT:sudo process started: Exe: /usr/bin/sudo, Arguments: [sudo rm -f /mnt/swapfile]
pre-commit	Post Harden Runner	2026-03-19T12:21:37.3623616Z Thu, 19 Mar 2026 12:18:16 GMT:sudo process started: Exe: /usr/bin/rm, Arguments: [rm -f /mnt/swapfile]
pre-commit	Post Harden Runner	2026-03-19T12:21:37.3624421Z Thu, 19 Mar 2026 12:18:17 GMT:domain resolved: results-receiver.actions.githubusercontent.com., ip address: 140.82.114.22, TTL: 30
pre-commit	Post Harden Runner	2026-03-19T12:21:37.3625322Z Thu, 19 Mar 2026 12:18:17 GMT:domain resolved: productionresultssa2.blob.core.windows.net., ip address: 57.150.87.97, TTL: 30
pre-commit	Post Harden Runner	2026-03-19T12:21:37.3626506Z Thu, 19 Mar 2026 12:18:17 GMT:endpoint called ip address:port 140.82.114.22:443, domain: results-receiver.actions.githubusercontent.com., pid: 2678, process: node
pre-commit	Post Harden Runner	2026-03-19T12:21:37.3627581Z Thu, 19 Mar 2026 12:18:17 GMT:endpoint called ip address:port 57.150.87.97:443, domain: productionresultssa2.blob.core.windows.net., pid: 2678, process: node
pre-commit	Post Harden Runner	2026-03-19T12:21:37.3628197Z 
pre-commit	Post Harden Runner	2026-03-19T12:21:37.3628516Z Thu, 19 Mar 2026 12:18:26 GMT:Refreshing DNS entries
pre-commit	Post Harden Runner	2026-03-19T12:21:37.3629108Z Thu, 19 Mar 2026 12:18:26 GMT:domain resolved: files.pythonhosted.org., ip address: 151.101.64.223, TTL: 30
pre-commit	Post Harden Runner	2026-03-19T12:21:37.3629928Z Thu, 19 Mar 2026 12:18:26 GMT:domain resolved: productionresultssa6.blob.core.windows.net., ip address: 20.209.178.193, TTL: 30
pre-commit	Post Harden Runner	2026-03-19T12:21:37.3630864Z Thu, 19 Mar 2026 12:18:32 GMT:endpoint called ip address:port 130.211.22.235:443, domain: releases.bazel.build., pid: 2730, process: bazelisk-linux_amd64
pre-commit	Post Harden Runner	2026-03-19T12:21:37.3631815Z Thu, 19 Mar 2026 12:18:36 GMT:endpoint called ip address:port 130.211.22.235:443, domain: bcr.bazel.build., pid: 2787, process: java
pre-commit	Post Harden Runner	2026-03-19T12:21:37.3632731Z Thu, 19 Mar 2026 12:18:36 GMT:endpoint called ip address:port 140.82.112.4:443, domain: github.com., pid: 2917, process: git-remote-http
pre-commit	Post Harden Runner	2026-03-19T12:21:37.3633695Z Thu, 19 Mar 2026 12:18:37 GMT:endpoint called ip address:port 140.82.112.4:443, domain: github.com., pid: 2923, process: git-remote-http
pre-commit	Post Harden Runner	2026-03-19T12:21:37.3634559Z Thu, 19 Mar 2026 12:18:37 GMT:endpoint called ip address:port 140.82.112.4:443, domain: github.com., pid: 2924, process: git-remote-http
pre-commit	Post Harden Runner	2026-03-19T12:21:37.3635030Z 
pre-commit	Post Harden Runner	2026-03-19T12:21:37.3635168Z Thu, 19 Mar 2026 12:18:56 GMT:Refreshing DNS entries
pre-commit	Post Harden Runner	2026-03-19T12:21:37.3635737Z Thu, 19 Mar 2026 12:18:56 GMT:domain resolved: www.googleapis.com., ip address: 142.251.210.202, TTL: 300
pre-commit	Post Harden Runner	2026-03-19T12:21:37.3636542Z Thu, 19 Mar 2026 12:18:56 GMT:domain resolved: github.com., ip address: 140.82.113.4, TTL: 60
pre-commit	Post Harden Runner	2026-03-19T12:21:37.3637223Z Thu, 19 Mar 2026 12:18:56 GMT:domain resolved: files.pythonhosted.org., ip address: 151.101.192.223, TTL: 60
pre-commit	Post Harden Runner	2026-03-19T12:21:37.3638033Z Thu, 19 Mar 2026 12:18:56 GMT:domain resolved: productionresultssa6.blob.core.windows.net., ip address: 20.209.113.193, TTL: 44
pre-commit	Post Harden Runner	2026-03-19T12:21:37.3638784Z Thu, 19 Mar 2026 12:18:56 GMT:domain resolved: api.github.com., ip address: 140.82.113.6, TTL: 60
pre-commit	Post Harden Runner	2026-03-19T12:21:37.3639125Z 
pre-commit	Post Harden Runner	2026-03-19T12:21:37.3639262Z Thu, 19 Mar 2026 12:19:26 GMT:Refreshing DNS entries
pre-commit	Post Harden Runner	2026-03-19T12:21:37.3640051Z Thu, 19 Mar 2026 12:19:49 GMT:endpoint called ip address:port 140.82.113.4:443, domain: github.com., pid: 2787, process: java
pre-commit	Post Harden Runner	2026-03-19T12:21:37.3640952Z Thu, 19 Mar 2026 12:19:49 GMT:endpoint called ip address:port 185.199.110.133:443, domain: release-assets.githubusercontent.com., pid: 2787, process: java
pre-commit	Post Harden Runner	2026-03-19T12:21:37.3641872Z Thu, 19 Mar 2026 12:19:52 GMT:endpoint called ip address:port 216.239.32.21:443, domain: go.dev., pid: 2787, process: java
pre-commit	Post Harden Runner	2026-03-19T12:21:37.3642587Z Thu, 19 Mar 2026 12:19:52 GMT:endpoint called ip address:port 140.82.112.9:443, domain: codeload.github.com., pid: 2787, process: java
pre-commit	Post Harden Runner	2026-03-19T12:21:37.3643119Z 
pre-commit	Post Harden Runner	2026-03-19T12:21:37.3643254Z Thu, 19 Mar 2026 12:19:56 GMT:Refreshing DNS entries
pre-commit	Post Harden Runner	2026-03-19T12:21:37.3643674Z Thu, 19 Mar 2026 12:19:56 GMT:domain resolved: github.com., ip address: 140.82.114.3, TTL: 60
pre-commit	Post Harden Runner	2026-03-19T12:21:37.3644256Z Thu, 19 Mar 2026 12:19:56 GMT:domain resolved: files.pythonhosted.org., ip address: 151.101.64.223, TTL: 60
pre-commit	Post Harden Runner	2026-03-19T12:21:37.3645437Z Thu, 19 Mar 2026 12:19:56 GMT:domain resolved: productionresultssa6.blob.core.windows.net., ip address: 20.209.113.193, TTL: 34
pre-commit	Post Harden Runner	2026-03-19T12:21:37.3646584Z Thu, 19 Mar 2026 12:19:56 GMT:domain resolved: api.github.com., ip address: 140.82.114.6, TTL: 60
pre-commit	Post Harden Runner	2026-03-19T12:21:37.3647713Z Thu, 19 Mar 2026 12:19:58 GMT:endpoint called ip address:port 104.18.12.149:443, domain: downloads.sourceforge.net., pid: 2787, process: java
pre-commit	Post Harden Runner	2026-03-19T12:21:37.3648943Z Thu, 19 Mar 2026 12:19:58 GMT:domain resolved: cytranet-dal.dl.sourceforge.net., ip address: 162.226.127.129, TTL: 30
pre-commit	Post Harden Runner	2026-03-19T12:21:37.3650205Z Thu, 19 Mar 2026 12:19:58 GMT:endpoint called ip address:port 162.226.127.129:443, domain: cytranet-dal.dl.sourceforge.net., pid: 2787, process: java
pre-commit	Post Harden Runner	2026-03-19T12:21:37.3651167Z Thu, 19 Mar 2026 12:20:03 GMT:domain resolved: results-receiver.actions.githubusercontent.com., ip address: 140.82.112.21, TTL: 51
pre-commit	Post Harden Runner	2026-03-19T12:21:37.3652810Z Thu, 19 Mar 2026 12:20:03 GMT:endpoint called ip address:port 140.82.112.21:443, domain: results-receiver.actions.githubusercontent.com., pid: 1853, process: Runner.Worker
pre-commit	Post Harden Runner	2026-03-19T12:21:37.3653919Z Thu, 19 Mar 2026 12:20:03 GMT:domain resolved: productionresultssa9.blob.core.windows.net., ip address: 20.150.82.228, TTL: 60
pre-commit	Post Harden Runner	2026-03-19T12:21:37.3655209Z Thu, 19 Mar 2026 12:20:03 GMT:endpoint called ip address:port 151.101.192.223:443, domain: pypi.org., pid: 4006, process: python3.10
pre-commit	Post Harden Runner	2026-03-19T12:21:37.3656726Z Thu, 19 Mar 2026 12:20:03 GMT:endpoint called ip address:port 20.150.82.228:443, domain: productionresultssa9.blob.core.windows.net., pid: 1853, process: Runner.Worker
pre-commit	Post Harden Runner	2026-03-19T12:21:37.3658360Z Thu, 19 Mar 2026 12:20:03 GMT:endpoint called ip address:port 151.101.64.223:443, domain: files.pythonhosted.org., pid: 4006, process: python3.10
pre-commit	Post Harden Runner	2026-03-19T12:21:37.3659365Z Thu, 19 Mar 2026 12:20:05 GMT:endpoint called ip address:port 140.82.112.21:443, domain: results-receiver.actions.githubusercontent.com., pid: 4043, process: node
pre-commit	Post Harden Runner	2026-03-19T12:21:37.3660241Z Thu, 19 Mar 2026 12:20:05 GMT:endpoint called ip address:port 140.82.114.3:443, domain: github.com., pid: 4063, process: git-remote-http
pre-commit	Post Harden Runner	2026-03-19T12:21:37.3660976Z Thu, 19 Mar 2026 12:20:06 GMT:endpoint called ip address:port 140.82.114.3:443, domain: github.com., pid: 4105, process: git-remote-http
pre-commit	Post Harden Runner	2026-03-19T12:21:37.3661709Z Thu, 19 Mar 2026 12:20:06 GMT:endpoint called ip address:port 140.82.114.3:443, domain: github.com., pid: 4143, process: git-remote-http
pre-commit	Post Harden Runner	2026-03-19T12:21:37.3662823Z Thu, 19 Mar 2026 12:20:07 GMT:endpoint called ip address:port 140.82.114.3:443, domain: github.com., pid: 4184, process: git-remote-http
pre-commit	Post Harden Runner	2026-03-19T12:21:37.3664014Z Thu, 19 Mar 2026 12:20:07 GMT:endpoint called ip address:port 140.82.114.3:443, domain: github.com., pid: 4225, process: git-remote-http
pre-commit	Post Harden Runner	2026-03-19T12:21:37.3664900Z Thu, 19 Mar 2026 12:20:07 GMT:endpoint called ip address:port 140.82.114.3:443, domain: github.com., pid: 4263, process: git-remote-http
pre-commit	Post Harden Runner	2026-03-19T12:21:37.3665864Z Thu, 19 Mar 2026 12:20:08 GMT:endpoint called ip address:port 140.82.114.3:443, domain: github.com., pid: 4301, process: git-remote-http
pre-commit	Post Harden Runner	2026-03-19T12:21:37.3666866Z Thu, 19 Mar 2026 12:20:11 GMT:endpoint called ip address:port 151.101.192.223:443, domain: pypi.org., pid: 4343, process: python3.10
pre-commit	Post Harden Runner	2026-03-19T12:21:37.3667586Z Thu, 19 Mar 2026 12:20:11 GMT:endpoint called ip address:port 151.101.192.223:443, domain: pypi.org., pid: 4339, process: python3.10
pre-commit	Post Harden Runner	2026-03-19T12:21:37.3668563Z Thu, 19 Mar 2026 12:20:11 GMT:endpoint called ip address:port 151.101.192.223:443, domain: pypi.org., pid: 4342, process: python3.10
pre-commit	Post Harden Runner	2026-03-19T12:21:37.3670338Z Thu, 19 Mar 2026 12:20:11 GMT:endpoint called ip address:port 151.101.64.223:443, domain: files.pythonhosted.org., pid: 4342, process: python3.10
pre-commit	Post Harden Runner	2026-03-19T12:21:37.3671641Z Thu, 19 Mar 2026 12:20:11 GMT:endpoint called ip address:port 151.101.192.223:443, domain: pypi.org., pid: 4363, process: python3.10
pre-commit	Post Harden Runner	2026-03-19T12:21:37.3672691Z Thu, 19 Mar 2026 12:20:11 GMT:endpoint called ip address:port 151.101.192.223:443, domain: pypi.org., pid: 4338, process: python3.10
pre-commit	Post Harden Runner	2026-03-19T12:21:37.3673407Z Thu, 19 Mar 2026 12:20:12 GMT:endpoint called ip address:port 151.101.192.223:443, domain: pypi.org., pid: 4344, process: python3.10
pre-commit	Post Harden Runner	2026-03-19T12:21:37.3674164Z Thu, 19 Mar 2026 12:20:12 GMT:endpoint called ip address:port 151.101.64.223:443, domain: files.pythonhosted.org., pid: 4344, process: python3.10
pre-commit	Post Harden Runner	2026-03-19T12:21:37.3674926Z Thu, 19 Mar 2026 12:20:13 GMT:endpoint called ip address:port 151.101.192.223:443, domain: pypi.org., pid: 4382, process: python3.10
pre-commit	Post Harden Runner	2026-03-19T12:21:37.3675617Z Thu, 19 Mar 2026 12:20:15 GMT:endpoint called ip address:port 151.101.192.223:443, domain: pypi.org., pid: 4413, process: python3.10
pre-commit	Post Harden Runner	2026-03-19T12:21:37.3676533Z Thu, 19 Mar 2026 12:20:15 GMT:endpoint called ip address:port 151.101.192.223:443, domain: pypi.org., pid: 4403, process: python3.10
pre-commit	Post Harden Runner	2026-03-19T12:21:37.3677282Z Thu, 19 Mar 2026 12:20:16 GMT:endpoint called ip address:port 151.101.64.223:443, domain: files.pythonhosted.org., pid: 4403, process: python3.10
pre-commit	Post Harden Runner	2026-03-19T12:21:37.3678237Z Thu, 19 Mar 2026 12:20:18 GMT:endpoint called ip address:port 151.101.192.223:443, domain: pypi.org., pid: 4444, process: python3.10
pre-commit	Post Harden Runner	2026-03-19T12:21:37.3678931Z Thu, 19 Mar 2026 12:20:20 GMT:endpoint called ip address:port 151.101.192.223:443, domain: pypi.org., pid: 4473, process: python3.10
pre-commit	Post Harden Runner	2026-03-19T12:21:37.3679664Z Thu, 19 Mar 2026 12:20:20 GMT:endpoint called ip address:port 151.101.64.223:443, domain: files.pythonhosted.org., pid: 4473, process: python3.10
pre-commit	Post Harden Runner	2026-03-19T12:21:37.3680399Z Thu, 19 Mar 2026 12:20:22 GMT:endpoint called ip address:port 151.101.192.223:443, domain: pypi.org., pid: 4463, process: python3.10
pre-commit	Post Harden Runner	2026-03-19T12:21:37.3681128Z Thu, 19 Mar 2026 12:20:22 GMT:endpoint called ip address:port 151.101.64.223:443, domain: files.pythonhosted.org., pid: 4463, process: python3.10
pre-commit	Post Harden Runner	2026-03-19T12:21:37.3681567Z 
pre-commit	Post Harden Runner	2026-03-19T12:21:37.3681708Z Thu, 19 Mar 2026 12:20:26 GMT:Refreshing DNS entries
pre-commit	Post Harden Runner	2026-03-19T12:21:37.3682142Z Thu, 19 Mar 2026 12:20:26 GMT:domain resolved: go.dev., ip address: 216.239.36.21, TTL: 146
pre-commit	Post Harden Runner	2026-03-19T12:21:37.3682799Z Thu, 19 Mar 2026 12:20:26 GMT:domain resolved: productionresultssa6.blob.core.windows.net., ip address: 20.209.178.193, TTL: 30
pre-commit	Post Harden Runner	2026-03-19T12:21:37.3683570Z Thu, 19 Mar 2026 12:20:26 GMT:endpoint called ip address:port 104.16.9.34:443, domain: registry.npmjs.org., pid: 4522, process: node
pre-commit	Post Harden Runner	2026-03-19T12:21:37.3684269Z Thu, 19 Mar 2026 12:20:27 GMT:endpoint called ip address:port 151.101.192.223:443, domain: pypi.org., pid: 4554, process: python3.10
pre-commit	Post Harden Runner	2026-03-19T12:21:37.3684960Z Thu, 19 Mar 2026 12:20:27 GMT:endpoint called ip address:port 151.101.192.223:443, domain: pypi.org., pid: 4539, process: python3.10
pre-commit	Post Harden Runner	2026-03-19T12:21:37.3685856Z Thu, 19 Mar 2026 12:20:28 GMT:endpoint called ip address:port 151.101.64.223:443, domain: files.pythonhosted.org., pid: 4539, process: python3.10
pre-commit	Post Harden Runner	2026-03-19T12:21:37.3687078Z Thu, 19 Mar 2026 12:20:30 GMT:endpoint called ip address:port 151.101.192.223:443, domain: pypi.org., pid: 4588, process: python3.10
pre-commit	Post Harden Runner	2026-03-19T12:21:37.3688326Z Thu, 19 Mar 2026 12:20:30 GMT:endpoint called ip address:port 151.101.192.223:443, domain: pypi.org., pid: 4578, process: python3.10
pre-commit	Post Harden Runner	2026-03-19T12:21:37.3689450Z Thu, 19 Mar 2026 12:20:30 GMT:endpoint called ip address:port 151.101.64.223:443, domain: files.pythonhosted.org., pid: 4578, process: python3.10
pre-commit	Post Harden Runner	2026-03-19T12:21:37.3690669Z Thu, 19 Mar 2026 12:20:33 GMT:endpoint called ip address:port 151.101.192.223:443, domain: pypi.org., pid: 4620, process: python3.10
pre-commit	Post Harden Runner	2026-03-19T12:21:37.3691708Z Thu, 19 Mar 2026 12:20:33 GMT:endpoint called ip address:port 151.101.192.223:443, domain: pypi.org., pid: 4609, process: python3.10
pre-commit	Post Harden Runner	2026-03-19T12:21:37.3693009Z Thu, 19 Mar 2026 12:20:34 GMT:endpoint called ip address:port 151.101.64.223:443, domain: files.pythonhosted.org., pid: 4609, process: python3.10
pre-commit	Post Harden Runner	2026-03-19T12:21:37.3694200Z Thu, 19 Mar 2026 12:20:34 GMT:endpoint called ip address:port 151.101.192.223:443, domain: pypi.org., pid: 4632, process: python3.10
pre-commit	Post Harden Runner	2026-03-19T12:21:37.3695401Z Thu, 19 Mar 2026 12:20:36 GMT:endpoint called ip address:port 151.101.192.223:443, domain: pypi.org., pid: 4644, process: python3.10
pre-commit	Post Harden Runner	2026-03-19T12:21:37.3696780Z Thu, 19 Mar 2026 12:20:44 GMT:endpoint called ip address:port 151.101.192.223:443, domain: pypi.org., pid: 4680, process: python3.10
pre-commit	Post Harden Runner	2026-03-19T12:21:37.3698667Z Thu, 19 Mar 2026 12:20:47 GMT:[Source code overwritten] file: /home/runner/work/carbon-lang/carbon-lang/toolchain/check/testdata/interop/cpp/class/base.carbon syscall: openat by exe: /opt/hostedtoolcache/Python/3.10.20/x64/bin/python3.10 [f7ae21111a2815d03935558bf71f29c5ea27b28ef848533de45ab349cf325c0c] Timestamp: 2026-03-19T12:20:47.905Z
pre-commit	Post Harden Runner	2026-03-19T12:21:37.3700765Z Thu, 19 Mar 2026 12:20:47 GMT:[Source code overwritten] file: /home/runner/work/carbon-lang/carbon-lang/toolchain/parse/testdata/lambda/lambda.carbon syscall: openat by exe: /opt/hostedtoolcache/Python/3.10.20/x64/bin/python3.10 [f7ae21111a2815d03935558bf71f29c5ea27b28ef848533de45ab349cf325c0c] Timestamp: 2026-03-19T12:20:47.906Z
pre-commit	Post Harden Runner	2026-03-19T12:21:37.3702987Z Thu, 19 Mar 2026 12:20:47 GMT:[Source code overwritten] file: /home/runner/work/carbon-lang/carbon-lang/utils/vscode/development.md syscall: openat by exe: /opt/hostedtoolcache/Python/3.10.20/x64/bin/python3.10 [f7ae21111a2815d03935558bf71f29c5ea27b28ef848533de45ab349cf325c0c] Timestamp: 2026-03-19T12:20:47.906Z
pre-commit	Post Harden Runner	2026-03-19T12:21:37.3705058Z Thu, 19 Mar 2026 12:20:55 GMT:[Source code overwritten] file: /home/runner/work/carbon-lang/carbon-lang/MODULE.bazel.lock syscall: openat by exe: /home/runner/.cache/bazel/_bazel_runner/install/b8a069f8b7ab718c13dbfa7ea3667622/embedded_tools/jdk/bin/java [3d7f587ac741a0b092dfd0a22d98bac659b8a39838cf1f1ad476bbd3476d8f8a] Timestamp: 2026-03-19T12:20:55.272Z
pre-commit	Post Harden Runner	2026-03-19T12:21:37.3706412Z 
pre-commit	Post Harden Runner	2026-03-19T12:21:37.3706549Z Thu, 19 Mar 2026 12:20:56 GMT:Refreshing DNS entries
pre-commit	Post Harden Runner	2026-03-19T12:21:37.3707043Z Thu, 19 Mar 2026 12:20:56 GMT:domain resolved: files.pythonhosted.org., ip address: 151.101.64.223, TTL: 60
pre-commit	Post Harden Runner	2026-03-19T12:21:37.3707778Z Thu, 19 Mar 2026 12:20:56 GMT:domain resolved: productionresultssa6.blob.core.windows.net., ip address: 20.209.112.225, TTL: 34
pre-commit	Post Harden Runner	2026-03-19T12:21:37.3708444Z Thu, 19 Mar 2026 12:20:56 GMT:domain resolved: api.github.com., ip address: 140.82.113.5, TTL: 60
pre-commit	Post Harden Runner	2026-03-19T12:21:37.3708977Z Thu, 19 Mar 2026 12:20:56 GMT:domain resolved: github.com., ip address: 140.82.112.3, TTL: 60
pre-commit	Post Harden Runner	2026-03-19T12:21:37.3709613Z Thu, 19 Mar 2026 12:21:01 GMT:endpoint called ip address:port 104.16.9.34:443, domain: registry.npmjs.org., pid: 6181, process: node
pre-commit	Post Harden Runner	2026-03-19T12:21:37.3710334Z Thu, 19 Mar 2026 12:21:01 GMT:endpoint called ip address:port 104.16.9.34:443, domain: registry.npmjs.org., pid: 6180, process: node
pre-commit	Post Harden Runner	2026-03-19T12:21:37.3711031Z Thu, 19 Mar 2026 12:21:02 GMT:endpoint called ip address:port 104.16.9.34:443, domain: registry.npmjs.org., pid: 6179, process: node
pre-commit	Post Harden Runner	2026-03-19T12:21:37.3711725Z Thu, 19 Mar 2026 12:21:02 GMT:endpoint called ip address:port 104.16.9.34:443, domain: registry.npmjs.org., pid: 6182, process: node
pre-commit	Post Harden Runner	2026-03-19T12:21:37.3712607Z Thu, 19 Mar 2026 12:21:11 GMT:endpoint called ip address:port 140.82.112.3:443, domain: github.com., pid: 6291, process: python3.10
pre-commit	Post Harden Runner	2026-03-19T12:21:37.3713438Z Thu, 19 Mar 2026 12:21:11 GMT:endpoint called ip address:port 185.199.110.133:443, domain: release-assets.githubusercontent.com., pid: 6291, process: python3.10
pre-commit	Post Harden Runner	2026-03-19T12:21:37.3714386Z Thu, 19 Mar 2026 12:21:16 GMT:domain resolved: hosted-compute-request-orchestrator-prod-iad-02.githubapp.com., ip address: 140.82.112.24, TTL: 30
pre-commit	Post Harden Runner	2026-03-19T12:21:37.3715196Z Thu, 19 Mar 2026 12:21:18 GMT:endpoint called ip address:port 140.82.112.3:443, domain: github.com., pid: 2787, process: java
pre-commit	Post Harden Runner	2026-03-19T12:21:37.3715585Z 
pre-commit	Post Harden Runner	2026-03-19T12:21:37.3715723Z Thu, 19 Mar 2026 12:21:26 GMT:Refreshing DNS entries
pre-commit	Post Harden Runner	2026-03-19T12:21:37.3716447Z Thu, 19 Mar 2026 12:21:26 GMT:domain resolved: productionresultssa6.blob.core.windows.net., ip address: 20.209.178.193, TTL: 30
pre-commit	Post Harden Runner	2026-03-19T12:21:37.3717246Z Thu, 19 Mar 2026 12:21:35 GMT:domain resolved: results-receiver.actions.githubusercontent.com., ip address: 140.82.112.22, TTL: 31
pre-commit	Post Harden Runner	2026-03-19T12:21:37.3718147Z Thu, 19 Mar 2026 12:21:35 GMT:endpoint called ip address:port 140.82.112.22:443, domain: results-receiver.actions.githubusercontent.com., pid: 1853, process: Runner.Worker
pre-commit	Post Harden Runner	2026-03-19T12:21:37.3719030Z Thu, 19 Mar 2026 12:21:35 GMT:domain resolved: productionresultssa9.blob.core.windows.net., ip address: 20.150.82.228, TTL: 30
pre-commit	Post Harden Runner	2026-03-19T12:21:37.3719876Z Thu, 19 Mar 2026 12:21:35 GMT:endpoint called ip address:port 140.82.112.22:443, domain: results-receiver.actions.githubusercontent.com., pid: 8826, process: node
pre-commit	Post Harden Runner	2026-03-19T12:21:37.3720796Z Thu, 19 Mar 2026 12:21:35 GMT:endpoint called ip address:port 20.150.82.228:443, domain: productionresultssa9.blob.core.windows.net., pid: 8826, process: node
pre-commit	Post Harden Runner	2026-03-19T12:21:37.3721304Z 
pre-commit	Post Harden Runner	2026-03-19T12:21:37.3721426Z Thu, 19 Mar 2026 12:21:36 GMT:post_event called
pre-commit	Post Harden Runner	2026-03-19T12:21:37.3721788Z 
pre-commit	Post Harden Runner	2026-03-19T12:21:37.3721878Z status:
pre-commit	Post Harden Runner	2026-03-19T12:21:37.3722089Z Initialized
pre-commit	Post Harden Runner	2026-03-19T12:21:37.3786742Z agent.service log:
pre-commit	Post Harden Runner	2026-03-19T12:21:37.3787120Z -- No entries --
pre-commit	Post Harden Runner	2026-03-19T12:21:37.3787320Z 
pre-commit	Complete job	﻿2026-03-19T12:21:37.7793897Z Cleaning up orphan processes
pre-commit	Complete job	2026-03-19T12:21:37.8151170Z Terminate orphan process: pid (2787) (java.lang=ALL-UNNAMED)
pre-commit	Complete job	2026-03-19T12:21:37.8172676Z ##[warning]Node.js 20 actions are deprecated. The following actions are running on Node.js 20 and may not work as expected: actions/cache@v4, step-security/harden-runner@58077d3c7e43986b6b15fba718e8ea69e387dfcc. Actions will be forced to run with Node.js 24 by default starting June 2nd, 2026. Please check if updated versions of these actions are available that support Node.js 24. To opt into Node.js 24 now, set the FORCE_JAVASCRIPT_ACTIONS_TO_NODE24=true environment variable on the runner or in your workflow file. Once Node.js 24 becomes the default, you can temporarily opt out by setting ACTIONS_ALLOW_USE_UNSECURE_NODE_VERSION=true. For more information see: https://github.blog/changelog/2025-09-19-deprecation-of-node-20-on-github-actions-runners/
